,C1,N1,C2,C3,C4,C5,N3,C5.1,C6,N4,C7,N5,C8,C9,N6,C10,N7,C11,C12,LABEL
0,Z11,6,Z34,Z43,Z62/Z63/Z64/Z65,Z75,4,Z93,Z101,4,Z121,67,Z143,Z152,2,Z173,1,Z192,Z201,0
1,Z12,48,Z32,Z43,Z61,Z73,2,Z92,Z101,2,Z121,22,Z143,Z152,1,Z173,1,Z191,Z201,1
2,Z14,12,Z34,Z46,Z61,Z74,2,Z93,Z101,3,Z121,49,Z143,Z152,1,Z171/Z172/Z174,2,Z191,Z201,0
3,Z11,42,Z32,Z42,Z61,Z74,2,Z93,Z103,4,Z122,45,Z143,Z151/Z153,1,Z173,2,Z191,Z201,0
4,Z11,24,Z33/Z30/Z31,Z40,Z61,Z73,3,Z93,Z101,4,Z124,53,Z143,Z151/Z153,2,Z173,2,Z191,Z201,1
5,Z14,36,Z32,Z46,Z62/Z63/Z64/Z65,Z73,2,Z93,Z101,4,Z124,35,Z143,Z151/Z153,1,Z171/Z172/Z174,2,Z192,Z201,0
6,Z14,24,Z32,Z42,Z62/Z63/Z64/Z65,Z75,3,Z93,Z101,4,Z122,53,Z143,Z152,1,Z173,1,Z191,Z201,0
7,Z12,36,Z32,Z41,Z61,Z73,2,Z93,Z101,2,Z123,35,Z143,Z151/Z153,1,Z171/Z172/Z174,1,Z192,Z201,0
8,Z14,12,Z32,Z43,Z62/Z63/Z64/Z65,Z74,2,Z91/Z94,Z101,4,Z121,61,Z143,Z152,1,Z171/Z172/Z174,1,Z191,Z201,0
9,Z12,30,Z34,Z40,Z61,Z71,4,Z91/Z94,Z101,2,Z123,28,Z143,Z152,2,Z171/Z172/Z174,1,Z191,Z201,1
10,Z12,12,Z32,Z40,Z61,Z72,3,Z92,Z101,1,Z123,25,Z143,Z151/Z153,1,Z173,1,Z191,Z201,1
11,Z11,48,Z32,Z49,Z61,Z72,3,Z92,Z101,4,Z122,24,Z143,Z151/Z153,1,Z173,1,Z191,Z201,1
12,Z12,12,Z32,Z43,Z61,Z73,1,Z92,Z101,1,Z123,22,Z143,Z152,1,Z173,1,Z192,Z201,0
13,Z11,24,Z34,Z40,Z61,Z75,4,Z93,Z101,4,Z123,60,Z143,Z152,2,Z171/Z172/Z174,1,Z191,Z201,1
14,Z11,15,Z32,Z40,Z61,Z73,2,Z92,Z101,4,Z123,28,Z143,Z151/Z153,1,Z173,1,Z191,Z201,0
15,Z11,24,Z32,Z43,Z62/Z63/Z64/Z65,Z73,4,Z92,Z101,2,Z123,32,Z143,Z152,1,Z171/Z172/Z174,1,Z191,Z201,1
16,Z14,24,Z34,Z43,Z62/Z63/Z64/Z65,Z75,4,Z93,Z101,4,Z122,53,Z143,Z152,2,Z173,1,Z191,Z201,0
17,Z11,30,Z33/Z30/Z31,Z49,Z62/Z63/Z64/Z65,Z72,2,Z93,Z101,3,Z123,25,Z141,Z152,3,Z173,1,Z191,Z201,0
18,Z12,24,Z32,Z41,Z61,Z75,4,Z92,Z101,2,Z124,44,Z143,Z151/Z153,1,Z171/Z172/Z174,1,Z192,Z201,1
19,Z14,24,Z32,Z43,Z62/Z63/Z64/Z65,Z75,3,Z93,Z101,2,Z123,31,Z143,Z152,1,Z173,2,Z192,Z201,0
20,Z14,9,Z34,Z40,Z61,Z73,4,Z93,Z101,4,Z123,48,Z143,Z152,3,Z173,1,Z192,Z201,0
21,Z11,6,Z32,Z43,Z62/Z63/Z64/Z65,Z73,2,Z93,Z101,3,Z121,44,Z143,Z151/Z153,1,Z173,2,Z191,Z201,0
22,Z11,10,Z34,Z40,Z61,Z72,1,Z93,Z101,3,Z121,48,Z143,Z151/Z153,2,Z171/Z172/Z174,2,Z191,Z202,0
23,Z12,12,Z34,Z41,Z62/Z63/Z64/Z65,Z72,3,Z93,Z101,4,Z122,44,Z143,Z152,1,Z173,1,Z191,Z201,0
24,Z14,10,Z34,Z42,Z62/Z63/Z64/Z65,Z73,2,Z91/Z94,Z101,1,Z123,26,Z143,Z152,2,Z173,1,Z191,Z202,0
25,Z11,6,Z32,Z42,Z61,Z73,1,Z93,Z101,2,Z121,36,Z141,Z152,1,Z171/Z172/Z174,1,Z192,Z201,0
26,Z14,6,Z33/Z30/Z31,Z43,Z61,Z75,4,Z91/Z94,Z101,4,Z123,39,Z143,Z152,1,Z171/Z172/Z174,1,Z191,Z201,0
27,Z13,12,Z33/Z30/Z31,Z43,Z62/Z63/Z64/Z65,Z73,3,Z92,Z101,3,Z121,42,Z143,Z151/Z153,2,Z173,1,Z191,Z201,0
28,Z12,7,Z32,Z43,Z61,Z73,3,Z93,Z103,2,Z121,34,Z143,Z152,1,Z173,1,Z191,Z201,0
29,Z11,60,Z33/Z30/Z31,Z49,Z61,Z75,3,Z93,Z101,4,Z124,63,Z143,Z152,2,Z173,1,Z192,Z201,1
30,Z12,18,Z32,Z49,Z62/Z63/Z64/Z65,Z72,3,Z91/Z94,Z101,3,Z121,36,Z141,Z152,1,Z173,1,Z192,Z201,0
31,Z11,24,Z32,Z42,Z61,Z73,2,Z93,Z101,2,Z123,27,Z142,Z152,1,Z173,1,Z191,Z201,0
32,Z12,18,Z32,Z40,Z62/Z63/Z64/Z65,Z73,2,Z93,Z101,2,Z123,30,Z143,Z152,2,Z173,1,Z192,Z201,0
33,Z14,12,Z34,Z49,Z62/Z63/Z64/Z65,Z75,4,Z93,Z101,4,Z124,57,Z143,Z151/Z153,1,Z171/Z172/Z174,1,Z191,Z201,0
34,Z13,12,Z32,Z42,Z61,Z72,4,Z92,Z101,1,Z122,33,Z141,Z152,1,Z171/Z172/Z174,1,Z192,Z201,0
35,Z12,45,Z34,Z43,Z61,Z72,4,Z93,Z101,2,Z122,25,Z143,Z152,2,Z171/Z172/Z174,1,Z191,Z201,1
36,Z14,48,Z34,Z46,Z61,Z73,1,Z93,Z101,3,Z124,31,Z141,Z151/Z153,1,Z173,1,Z192,Z201,0
37,Z13,18,Z32,Z43,Z61,Z73,4,Z93,Z102,2,Z121,37,Z142,Z152,1,Z173,1,Z191,Z201,1
38,Z13,10,Z32,Z44,Z61,Z73,2,Z93,Z101,2,Z123,37,Z143,Z152,1,Z173,1,Z192,Z201,0
39,Z12,9,Z32,Z43,Z61,Z73,4,Z93,Z101,3,Z121,24,Z143,Z152,1,Z173,1,Z191,Z201,0
40,Z14,30,Z32,Z43,Z62/Z63/Z64/Z65,Z75,4,Z93,Z101,2,Z123,30,Z141,Z152,1,Z171/Z172/Z174,1,Z191,Z201,0
41,Z12,12,Z32,Z43,Z62/Z63/Z64/Z65,Z73,3,Z91/Z94,Z101,1,Z123,26,Z143,Z152,1,Z173,1,Z192,Z201,0
42,Z12,18,Z33/Z30/Z31,Z45,Z61,Z73,2,Z93,Z101,4,Z121,44,Z143,Z152,1,Z171/Z172/Z174,2,Z192,Z201,0
43,Z11,30,Z34,Z41,Z62/Z63/Z64/Z65,Z74,1,Z91/Z94,Z101,4,Z123,24,Z143,Z151/Z153,2,Z173,1,Z191,Z201,0
44,Z11,48,Z34,Z41,Z61,Z75,4,Z92,Z101,4,Z124,58,Z142,Z151/Z153,2,Z171/Z172/Z174,1,Z191,Z201,1
45,Z14,11,Z34,Z40,Z61,Z72,4,Z92,Z101,4,Z123,35,Z143,Z152,2,Z171/Z172/Z174,1,Z191,Z201,0
46,Z14,36,Z32,Z43,Z62/Z63/Z64/Z65,Z75,4,Z93,Z101,4,Z123,39,Z143,Z152,1,Z173,1,Z191,Z201,0
47,Z11,6,Z32,Z41,Z62/Z63/Z64/Z65,Z71,1,Z92,Z101,2,Z122,23,Z143,Z151/Z153,1,Z171/Z172/Z174,1,Z192,Z201,0
48,Z14,11,Z34,Z40,Z61,Z73,1,Z93,Z101,4,Z122,39,Z143,Z152,2,Z171/Z172/Z174,1,Z191,Z201,0
49,Z14,12,Z32,Z43,Z62/Z63/Z64/Z65,Z73,4,Z92,Z102,2,Z121,28,Z143,Z152,1,Z173,1,Z191,Z201,0
50,Z12,24,Z33/Z30/Z31,Z42,Z62/Z63/Z64/Z65,Z72,4,Z93,Z101,2,Z122,29,Z141,Z152,1,Z171/Z172/Z174,1,Z191,Z201,0
51,Z12,27,Z33/Z30/Z31,Z41,Z61,Z75,1,Z93,Z101,2,Z123,30,Z143,Z152,2,Z171/Z172/Z174,1,Z192,Z201,0
52,Z14,12,Z32,Z43,Z61,Z73,3,Z93,Z101,2,Z123,25,Z143,Z152,1,Z173,1,Z191,Z201,0
53,Z14,18,Z32,Z41,Z62/Z63/Z64/Z65,Z73,2,Z93,Z101,1,Z122,31,Z143,Z152,1,Z173,1,Z192,Z201,0
54,Z12,36,Z33/Z30/Z31,Z40,Z61,Z75,4,Z93,Z101,4,Z124,57,Z141,Z151/Z153,2,Z173,1,Z192,Z201,1
55,Z14,6,Z33/Z30/Z31,Z40,Z62/Z63/Z64/Z65,Z73,1,Z93,Z103,2,Z121,26,Z142,Z152,1,Z171/Z172/Z174,2,Z191,Z201,0
56,Z12,12,Z32,Z43,Z62/Z63/Z64/Z65,Z71,2,Z93,Z101,1,Z124,52,Z143,Z152,1,Z171/Z172/Z174,1,Z192,Z201,1
57,Z14,36,Z34,Z43,Z61,Z73,2,Z92,Z101,2,Z123,31,Z142,Z152,2,Z173,1,Z191,Z201,0
58,Z13,18,Z32,Z40,Z61,Z75,3,Z92,Z101,2,Z123,23,Z143,Z152,1,Z171/Z172/Z174,1,Z191,Z201,0
59,Z11,36,Z34,Z42,Z61,Z72,4,Z92,Z102,4,Z124,23,Z143,Z151/Z153,2,Z171/Z172/Z174,1,Z192,Z201,1
60,Z12,9,Z32,Z49,Z61,Z73,2,Z91/Z94,Z101,1,Z121,27,Z141,Z152,1,Z173,1,Z192,Z201,0
61,Z12,15,Z34,Z43,Z62/Z63/Z64/Z65,Z75,4,Z93,Z103,4,Z121,50,Z143,Z152,2,Z173,1,Z192,Z201,0
62,Z12,36,Z33/Z30/Z31,Z49,Z61,Z75,4,Z93,Z101,4,Z124,61,Z143,Z151/Z153,1,Z171/Z172/Z174,1,Z192,Z201,1
63,Z12,48,Z33/Z30/Z31,Z49,Z61,Z73,2,Z93,Z101,2,Z123,25,Z143,Z152,1,Z173,1,Z192,Z201,1
64,Z14,24,Z32,Z43,Z61,Z72,4,Z92,Z101,4,Z122,26,Z143,Z152,1,Z173,1,Z192,Z201,0
65,Z14,27,Z32,Z45,Z62/Z63/Z64/Z65,Z75,4,Z93,Z101,4,Z122,48,Z143,Z152,4,Z173,2,Z192,Z201,0
66,Z14,12,Z32,Z43,Z61,Z72,2,Z92,Z101,2,Z123,29,Z141,Z152,1,Z173,1,Z191,Z201,0
67,Z12,12,Z32,Z40,Z62/Z63/Z64/Z65,Z73,4,Z91/Z94,Z101,1,Z121,22,Z143,Z152,1,Z173,1,Z191,Z201,0
68,Z14,36,Z32,Z46,Z61,Z73,4,Z93,Z101,4,Z124,37,Z142,Z151/Z153,1,Z173,1,Z192,Z201,1
69,Z14,36,Z32,Z43,Z62/Z63/Z64/Z65,Z73,4,Z92,Z101,4,Z123,25,Z143,Z152,1,Z173,1,Z191,Z201,0
70,Z14,36,Z32,Z41,Z61,Z73,1,Z92,Z101,2,Z122,30,Z141,Z152,1,Z173,1,Z191,Z201,0
71,Z14,7,Z34,Z43,Z62/Z63/Z64/Z65,Z75,4,Z93,Z101,2,Z122,46,Z143,Z151/Z153,2,Z171/Z172/Z174,1,Z192,Z201,0
72,Z11,8,Z34,Z410,Z61,Z75,3,Z93,Z101,4,Z124,51,Z141,Z151/Z153,2,Z171/Z172/Z174,2,Z192,Z201,0
73,Z12,42,Z34,Z49,Z61,Z74,2,Z92,Z101,1,Z121,41,Z141,Z152,2,Z171/Z172/Z174,1,Z191,Z201,0
74,Z11,36,Z32,Z46,Z62/Z63/Z64/Z65,Z75,4,Z93,Z101,4,Z124,40,Z143,Z152,1,Z171/Z172/Z174,1,Z192,Z201,1
75,Z11,12,Z34,Z41,Z61,Z75,4,Z93,Z101,4,Z124,66,Z143,Z151/Z153,2,Z171/Z172/Z174,1,Z191,Z201,0
76,Z11,42,Z32,Z43,Z61,Z72,4,Z93,Z101,3,Z123,34,Z143,Z152,1,Z173,1,Z191,Z201,1
77,Z12,11,Z33/Z30/Z31,Z43,Z61,Z74,2,Z93,Z101,4,Z122,51,Z143,Z152,1,Z173,1,Z191,Z201,0
78,Z14,54,Z33/Z30/Z31,Z41,Z62/Z63/Z64/Z65,Z73,2,Z93,Z101,2,Z122,39,Z143,Z152,1,Z171/Z172/Z174,2,Z191,Z201,0
79,Z12,30,Z32,Z42,Z61,Z72,2,Z91/Z94,Z101,1,Z122,22,Z143,Z152,1,Z173,1,Z191,Z201,0
80,Z14,24,Z32,Z43,Z62/Z63/Z64/Z65,Z72,1,Z92,Z101,1,Z123,44,Z143,Z152,2,Z173,1,Z192,Z201,1
81,Z14,15,Z32,Z43,Z62/Z63/Z64/Z65,Z75,4,Z93,Z101,3,Z122,47,Z142,Z152,1,Z173,1,Z192,Z201,0
82,Z14,18,Z32,Z49,Z62/Z63/Z64/Z65,Z73,3,Z92,Z101,4,Z122,24,Z143,Z151/Z153,1,Z171/Z172/Z174,1,Z191,Z201,0
83,Z11,24,Z32,Z410,Z61,Z75,4,Z92,Z103,4,Z121,58,Z143,Z152,1,Z171/Z172/Z174,1,Z192,Z201,0
84,Z11,10,Z32,Z43,Z61,Z75,3,Z93,Z101,4,Z121,52,Z143,Z152,1,Z171/Z172/Z174,1,Z191,Z201,0
85,Z14,12,Z34,Z49,Z61,Z73,4,Z92,Z103,2,Z121,29,Z143,Z152,2,Z171/Z172/Z174,1,Z192,Z201,0
86,Z12,18,Z34,Z42,Z61,Z72,4,Z92,Z101,1,Z122,27,Z143,Z152,2,Z173,1,Z191,Z201,0
87,Z12,36,Z32,Z46,Z62/Z63/Z64/Z65,Z73,1,Z93,Z101,4,Z124,47,Z143,Z151/Z153,1,Z173,2,Z192,Z201,1
88,Z11,18,Z32,Z40,Z62/Z63/Z64/Z65,Z74,4,Z93,Z101,3,Z123,30,Z143,Z152,1,Z171/Z172/Z174,2,Z192,Z201,0
89,Z11,12,Z33/Z30/Z31,Z45,Z61,Z74,4,Z93,Z101,3,Z121,28,Z143,Z152,2,Z173,1,Z191,Z201,1
90,Z14,12,Z34,Z43,Z61,Z75,4,Z93,Z101,4,Z121,56,Z143,Z152,1,Z173,1,Z191,Z201,0
91,Z11,12,Z34,Z41,Z61,Z75,4,Z93,Z101,3,Z121,54,Z143,Z152,1,Z173,1,Z191,Z201,0
92,Z14,12,Z34,Z43,Z62/Z63/Z64/Z65,Z75,4,Z92,Z101,3,Z122,33,Z141,Z152,1,Z171/Z172/Z174,2,Z191,Z201,1
93,Z13,24,Z34,Z42,Z62/Z63/Z64/Z65,Z75,4,Z93,Z102,4,Z124,20,Z143,Z151/Z153,2,Z173,1,Z191,Z201,0
94,Z12,12,Z32,Z40,Z62/Z63/Z64/Z65,Z75,4,Z93,Z101,4,Z121,54,Z143,Z152,1,Z173,1,Z192,Z201,0
95,Z12,54,Z33/Z30/Z31,Z49,Z61,Z72,3,Z93,Z101,4,Z124,58,Z143,Z151/Z153,1,Z173,1,Z192,Z201,1
96,Z14,12,Z34,Z46,Z62/Z63/Z64/Z65,Z74,4,Z92,Z101,2,Z123,61,Z143,Z152,1,Z173,1,Z191,Z201,0
97,Z12,18,Z32,Z49,Z62/Z63/Z64/Z65,Z73,4,Z93,Z101,4,Z123,34,Z143,Z152,1,Z173,1,Z191,Z201,0
98,Z12,36,Z34,Z43,Z61,Z75,4,Z93,Z101,4,Z121,36,Z143,Z152,1,Z173,1,Z191,Z201,0
99,Z12,20,Z33/Z30/Z31,Z41,Z62/Z63/Z64/Z65,Z74,3,Z93,Z101,4,Z122,36,Z141,Z151/Z153,2,Z171/Z172/Z174,2,Z192,Z201,0
100,Z14,24,Z32,Z40,Z62/Z63/Z64/Z65,Z75,4,Z91/Z94,Z101,4,Z121,41,Z143,Z151/Z153,1,Z171/Z172/Z174,1,Z191,Z201,0
101,Z12,36,Z32,Z43,Z61,Z74,4,Z93,Z101,4,Z123,24,Z143,Z151/Z153,1,Z173,1,Z191,Z201,0
102,Z14,6,Z33/Z30/Z31,Z43,Z61,Z73,3,Z92,Z101,2,Z121,24,Z143,Z152,1,Z173,1,Z191,Z201,0
103,Z12,9,Z34,Z42,Z61,Z74,4,Z93,Z101,3,Z123,35,Z143,Z151/Z153,1,Z173,1,Z192,Z201,0
104,Z14,12,Z32,Z41,Z62/Z63/Z64/Z65,Z72,2,Z91/Z94,Z101,4,Z123,26,Z143,Z151/Z153,1,Z173,1,Z192,Z201,0
105,Z12,24,Z34,Z410,Z61,Z73,2,Z93,Z102,3,Z123,39,Z143,Z152,2,Z171/Z172/Z174,2,Z192,Z201,1
106,Z14,18,Z33/Z30/Z31,Z40,Z61,Z75,2,Z93,Z101,4,Z124,39,Z141,Z152,2,Z171/Z172/Z174,2,Z192,Z201,1
107,Z12,12,Z32,Z40,Z61,Z74,2,Z93,Z101,2,Z123,32,Z143,Z152,1,Z173,1,Z191,Z201,0
108,Z11,24,Z32,Z42,Z62/Z63/Z64/Z65,Z72,1,Z92,Z101,2,Z122,30,Z143,Z152,1,Z173,1,Z192,Z202,0
109,Z12,14,Z32,Z49,Z62/Z63/Z64/Z65,Z75,1,Z91/Z94,Z101,2,Z121,35,Z143,Z152,1,Z173,1,Z192,Z201,0
110,Z12,6,Z33/Z30/Z31,Z49,Z62/Z63/Z64/Z65,Z75,1,Z91/Z94,Z101,2,Z123,31,Z141,Z152,2,Z173,2,Z191,Z201,0
111,Z13,15,Z32,Z46,Z61,Z72,4,Z92,Z101,4,Z122,23,Z143,Z151/Z153,1,Z173,1,Z192,Z201,0
112,Z12,18,Z32,Z40,Z61,Z74,3,Z93,Z101,3,Z121,28,Z143,Z151/Z153,1,Z171/Z172/Z174,1,Z191,Z201,0
113,Z14,36,Z34,Z40,Z61,Z73,4,Z92,Z101,2,Z121,25,Z142,Z152,2,Z173,1,Z192,Z201,1
114,Z11,12,Z32,Z43,Z62/Z63/Z64/Z65,Z75,3,Z91/Z94,Z101,1,Z121,35,Z143,Z152,1,Z173,1,Z191,Z201,0
115,Z14,48,Z34,Z43,Z62/Z63/Z64/Z65,Z75,4,Z93,Z101,1,Z121,47,Z143,Z152,1,Z173,1,Z192,Z201,0
116,Z11,42,Z32,Z43,Z62/Z63/Z64/Z65,Z74,4,Z92,Z101,3,Z123,30,Z143,Z152,1,Z171/Z172/Z174,1,Z192,Z201,1
117,Z11,10,Z34,Z42,Z62/Z63/Z64/Z65,Z72,2,Z92,Z102,3,Z121,27,Z143,Z151/Z153,2,Z173,1,Z191,Z202,0
118,Z11,33,Z34,Z42,Z62/Z63/Z64/Z65,Z73,1,Z92,Z101,4,Z123,23,Z143,Z152,2,Z173,1,Z191,Z201,1
119,Z12,12,Z34,Z40,Z62/Z63/Z64/Z65,Z74,3,Z91/Z94,Z101,3,Z123,36,Z143,Z152,1,Z171/Z172/Z174,1,Z192,Z201,0
120,Z11,21,Z32,Z43,Z61,Z73,3,Z92,Z101,2,Z121,25,Z143,Z152,2,Z173,1,Z192,Z201,1
121,Z14,24,Z34,Z41,Z61,Z75,4,Z92,Z101,2,Z123,41,Z143,Z151/Z153,2,Z171/Z172/Z174,1,Z192,Z201,0
122,Z14,12,Z32,Z42,Z61,Z73,3,Z93,Z101,2,Z121,24,Z143,Z151/Z153,1,Z171/Z172/Z174,1,Z191,Z201,0
123,Z13,10,Z34,Z40,Z61,Z75,4,Z93,Z101,4,Z124,63,Z143,Z151/Z153,2,Z173,1,Z192,Z201,0
124,Z12,18,Z32,Z42,Z62/Z63/Z64/Z65,Z72,4,Z92,Z101,3,Z121,27,Z143,Z151/Z153,1,Z173,1,Z191,Z201,1
125,Z11,12,Z34,Z40,Z61,Z73,4,Z93,Z101,2,Z122,30,Z143,Z152,2,Z173,1,Z191,Z201,0
126,Z11,12,Z32,Z43,Z61,Z73,4,Z91/Z94,Z101,2,Z121,40,Z143,Z152,1,Z171/Z172/Z174,1,Z191,Z201,0
127,Z12,12,Z32,Z45,Z61,Z73,4,Z93,Z101,2,Z123,30,Z143,Z152,1,Z173,1,Z191,Z201,1
128,Z12,12,Z34,Z41,Z61,Z71,4,Z93,Z101,2,Z123,34,Z143,Z152,2,Z171/Z172/Z174,1,Z192,Z201,0
129,Z11,12,Z34,Z40,Z61,Z73,3,Z92,Z102,2,Z121,29,Z143,Z152,2,Z173,1,Z191,Z201,1
130,Z12,48,Z32,Z40,Z62/Z63/Z64/Z65,Z74,1,Z92,Z101,2,Z123,24,Z143,Z152,1,Z173,1,Z191,Z201,0
131,Z11,36,Z33/Z30/Z31,Z46,Z61,Z73,4,Z93,Z101,3,Z122,29,Z142,Z152,1,Z173,1,Z192,Z201,1
132,Z14,15,Z32,Z42,Z61,Z72,2,Z93,Z101,3,Z122,27,Z141,Z152,2,Z171/Z172/Z174,1,Z191,Z201,0
133,Z14,18,Z32,Z42,Z61,Z73,4,Z93,Z101,4,Z124,47,Z141,Z151/Z153,2,Z173,1,Z191,Z201,0
134,Z14,60,Z32,Z43,Z62/Z63/Z64/Z65,Z74,2,Z92,Z101,4,Z121,21,Z143,Z152,1,Z173,1,Z192,Z201,0
135,Z14,12,Z34,Z43,Z62/Z63/Z64/Z65,Z75,4,Z92,Z101,2,Z121,38,Z143,Z152,2,Z173,1,Z192,Z201,0
136,Z14,27,Z33/Z30/Z31,Z41,Z62/Z63/Z64/Z65,Z73,2,Z93,Z101,2,Z123,27,Z143,Z152,2,Z173,1,Z191,Z201,0
137,Z12,12,Z32,Z43,Z62/Z63/Z64/Z65,Z73,4,Z93,Z101,3,Z121,66,Z143,Z152,1,Z171/Z172/Z174,1,Z191,Z201,1
138,Z12,15,Z34,Z43,Z62/Z63/Z64/Z65,Z74,4,Z93,Z103,2,Z121,35,Z141,Z152,3,Z173,1,Z192,Z201,0
139,Z13,12,Z32,Z43,Z61,Z73,2,Z92,Z101,2,Z123,44,Z143,Z151/Z153,1,Z171/Z172/Z174,1,Z192,Z201,0
140,Z13,6,Z32,Z40,Z62/Z63/Z64/Z65,Z72,2,Z91/Z94,Z101,2,Z121,27,Z143,Z152,1,Z171/Z172/Z174,1,Z191,Z202,0
141,Z12,36,Z32,Z43,Z61,Z72,4,Z92,Z101,1,Z124,30,Z143,Z152,1,Z171/Z172/Z174,1,Z192,Z201,0
142,Z11,27,Z32,Z43,Z61,Z73,3,Z93,Z101,2,Z123,27,Z143,Z152,1,Z171/Z172/Z174,1,Z191,Z201,0
143,Z11,18,Z32,Z42,Z61,Z73,2,Z93,Z101,2,Z123,22,Z143,Z152,1,Z173,1,Z191,Z201,1
144,Z14,21,Z34,Z42,Z61,Z72,4,Z92,Z101,4,Z122,23,Z143,Z152,1,Z173,1,Z192,Z201,0
145,Z12,48,Z33/Z30/Z31,Z49,Z62/Z63/Z64/Z65,Z74,4,Z93,Z101,2,Z123,30,Z143,Z152,1,Z173,1,Z191,Z201,0
146,Z11,6,Z34,Z40,Z61,Z75,1,Z92,Z101,4,Z124,39,Z143,Z152,2,Z173,1,Z192,Z201,0
147,Z14,12,Z34,Z40,Z62/Z63/Z64/Z65,Z74,4,Z92,Z101,3,Z123,51,Z143,Z152,2,Z173,1,Z192,Z201,0
148,Z11,36,Z34,Z42,Z61,Z73,3,Z93,Z103,2,Z122,28,Z143,Z152,2,Z173,1,Z191,Z201,0
149,Z14,18,Z34,Z43,Z62/Z63/Z64/Z65,Z75,4,Z93,Z101,4,Z123,46,Z143,Z152,2,Z173,1,Z191,Z201,0
150,Z14,6,Z32,Z43,Z62/Z63/Z64/Z65,Z75,2,Z93,Z101,4,Z124,42,Z141,Z151/Z153,1,Z173,2,Z192,Z201,0
151,Z14,10,Z32,Z43,Z61,Z73,1,Z93,Z101,4,Z122,38,Z143,Z152,1,Z173,1,Z192,Z202,0
152,Z13,36,Z32,Z43,Z61,Z73,4,Z93,Z101,1,Z123,24,Z143,Z152,1,Z173,1,Z191,Z201,0
153,Z12,24,Z34,Z41,Z62/Z63/Z64/Z65,Z75,2,Z92,Z101,4,Z124,29,Z143,Z151/Z153,1,Z173,1,Z191,Z201,0
154,Z12,24,Z33/Z30/Z31,Z49,Z62/Z63/Z64/Z65,Z74,4,Z93,Z101,4,Z123,36,Z143,Z151/Z153,1,Z171/Z172/Z174,1,Z192,Z201,0
155,Z11,12,Z32,Z42,Z61,Z73,2,Z92,Z101,4,Z123,20,Z143,Z151/Z153,1,Z173,1,Z191,Z201,1
156,Z11,9,Z34,Z45,Z62/Z63/Z64/Z65,Z75,3,Z93,Z103,4,Z121,48,Z143,Z152,2,Z173,2,Z191,Z202,0
157,Z11,12,Z33/Z30/Z31,Z48,Z61,Z75,4,Z91/Z94,Z101,1,Z123,45,Z141,Z152,1,Z171/Z172/Z174,1,Z191,Z201,0
158,Z12,24,Z32,Z40,Z62/Z63/Z64/Z65,Z74,2,Z93,Z101,3,Z123,38,Z141,Z152,2,Z173,1,Z192,Z201,0
159,Z14,6,Z34,Z43,Z62/Z63/Z64/Z65,Z73,1,Z93,Z101,2,Z121,34,Z143,Z152,2,Z171/Z172/Z174,2,Z191,Z201,0
160,Z14,24,Z34,Z43,Z62/Z63/Z64/Z65,Z75,3,Z93,Z101,4,Z121,36,Z143,Z152,1,Z173,2,Z192,Z201,0
161,Z14,18,Z34,Z40,Z61,Z72,4,Z92,Z101,1,Z122,30,Z143,Z152,2,Z173,1,Z191,Z201,0
162,Z14,15,Z32,Z44,Z62/Z63/Z64/Z65,Z74,4,Z93,Z101,3,Z122,36,Z143,Z152,2,Z173,1,Z192,Z201,0
163,Z12,10,Z32,Z40,Z61,Z71,2,Z93,Z101,4,Z124,70,Z141,Z151/Z153,1,Z171/Z172/Z174,1,Z192,Z201,0
164,Z14,36,Z32,Z40,Z62/Z63/Z64/Z65,Z75,4,Z93,Z101,4,Z122,36,Z143,Z152,1,Z173,1,Z191,Z201,0
165,Z14,6,Z32,Z42,Z62/Z63/Z64/Z65,Z73,1,Z93,Z101,2,Z123,32,Z143,Z152,1,Z173,1,Z192,Z201,0
166,Z11,18,Z32,Z42,Z61,Z71,4,Z92,Z101,2,Z123,33,Z143,Z152,1,Z173,1,Z191,Z201,1
167,Z12,11,Z32,Z42,Z62/Z63/Z64/Z65,Z72,4,Z92,Z101,1,Z121,20,Z143,Z152,1,Z173,1,Z191,Z201,0
168,Z14,24,Z32,Z42,Z61,Z74,2,Z92,Z101,4,Z122,25,Z143,Z151/Z153,1,Z173,1,Z192,Z201,0
169,Z12,24,Z34,Z49,Z61,Z75,4,Z91/Z94,Z101,4,Z121,31,Z143,Z152,2,Z173,1,Z192,Z201,1
170,Z11,15,Z33/Z30/Z31,Z40,Z61,Z75,4,Z93,Z101,3,Z123,33,Z143,Z151/Z153,2,Z173,2,Z191,Z201,1
171,Z14,12,Z32,Z42,Z61,Z73,4,Z92,Z101,1,Z121,26,Z143,Z152,1,Z173,1,Z192,Z201,0
172,Z12,24,Z33/Z30/Z31,Z42,Z61,Z71,3,Z92,Z101,2,Z122,34,Z143,Z152,1,Z171/Z172/Z174,1,Z192,Z201,1
173,Z12,8,Z32,Z43,Z61,Z73,4,Z93,Z103,2,Z121,33,Z143,Z152,1,Z173,1,Z191,Z202,0
174,Z11,21,Z33/Z30/Z31,Z46,Z61,Z72,2,Z93,Z101,1,Z122,26,Z143,Z152,2,Z173,1,Z191,Z201,1
175,Z14,30,Z33/Z30/Z31,Z41,Z62/Z63/Z64/Z65,Z71,4,Z92,Z101,1,Z121,53,Z141,Z152,1,Z171/Z172/Z174,1,Z192,Z201,1
176,Z11,12,Z32,Z42,Z61,Z73,2,Z91/Z94,Z101,1,Z123,42,Z143,Z152,1,Z173,1,Z191,Z201,0
177,Z11,6,Z34,Z43,Z62/Z63/Z64/Z65,Z75,4,Z93,Z101,4,Z123,52,Z143,Z152,2,Z173,1,Z191,Z201,0
178,Z14,12,Z32,Z43,Z61,Z74,4,Z93,Z101,2,Z123,31,Z143,Z151/Z153,2,Z171/Z172/Z174,2,Z192,Z201,0
179,Z11,21,Z34,Z40,Z61,Z75,4,Z93,Z101,4,Z121,65,Z143,Z152,2,Z173,1,Z191,Z201,0
180,Z14,36,Z33/Z30/Z31,Z49,Z61,Z72,1,Z91/Z94,Z101,1,Z123,28,Z143,Z152,2,Z173,1,Z191,Z201,1
181,Z12,36,Z33/Z30/Z31,Z49,Z61,Z73,2,Z91/Z94,Z101,2,Z121,30,Z142,Z152,2,Z171/Z172/Z174,1,Z192,Z201,1
182,Z11,21,Z33/Z30/Z31,Z40,Z62/Z63/Z64/Z65,Z73,4,Z93,Z101,2,Z122,40,Z143,Z152,2,Z171/Z172/Z174,2,Z191,Z201,1
183,Z14,24,Z34,Z42,Z62/Z63/Z64/Z65,Z73,4,Z93,Z101,4,Z121,50,Z143,Z152,1,Z173,1,Z192,Z201,0
184,Z12,18,Z34,Z40,Z61,Z75,4,Z93,Z101,4,Z123,36,Z141,Z152,1,Z173,2,Z192,Z201,1
185,Z14,15,Z34,Z43,Z61,Z73,4,Z93,Z101,2,Z122,31,Z143,Z152,2,Z173,1,Z191,Z201,0
186,Z12,9,Z33/Z30/Z31,Z41,Z61,Z75,2,Z92,Z101,4,Z124,74,Z141,Z151/Z153,1,Z171/Z172/Z174,2,Z192,Z201,1
187,Z12,16,Z34,Z40,Z61,Z71,2,Z93,Z101,3,Z123,68,Z143,Z151/Z153,3,Z171/Z172/Z174,1,Z192,Z201,0
188,Z11,12,Z32,Z43,Z62/Z63/Z64/Z65,Z74,4,Z91/Z94,Z101,1,Z122,20,Z143,Z152,1,Z173,1,Z191,Z201,1
189,Z12,18,Z33/Z30/Z31,Z42,Z61,Z73,1,Z92,Z101,4,Z123,33,Z141,Z152,2,Z173,1,Z192,Z201,0
190,Z14,24,Z32,Z49,Z62/Z63/Z64/Z65,Z73,2,Z93,Z101,3,Z122,54,Z143,Z152,3,Z171/Z172/Z174,1,Z192,Z201,1
191,Z12,48,Z33/Z30/Z31,Z49,Z62/Z63/Z64/Z65,Z74,4,Z93,Z101,4,Z124,34,Z143,Z151/Z153,1,Z171/Z172/Z174,2,Z191,Z201,1
192,Z12,27,Z32,Z49,Z61,Z73,4,Z93,Z101,2,Z123,36,Z143,Z152,1,Z173,2,Z192,Z201,1
193,Z14,6,Z32,Z43,Z61,Z74,2,Z91/Z94,Z101,2,Z121,29,Z143,Z151/Z153,1,Z173,1,Z191,Z201,0
194,Z12,45,Z32,Z43,Z62/Z63/Z64/Z65,Z73,4,Z93,Z103,4,Z122,21,Z143,Z151/Z153,1,Z173,1,Z191,Z201,1
195,Z12,9,Z34,Z46,Z61,Z75,2,Z92,Z101,3,Z123,34,Z143,Z152,2,Z171/Z172/Z174,1,Z192,Z201,1
196,Z14,6,Z34,Z43,Z61,Z73,1,Z92,Z101,1,Z123,28,Z143,Z152,2,Z173,1,Z192,Z201,0
197,Z12,12,Z32,Z42,Z62/Z63/Z64/Z65,Z72,4,Z92,Z101,4,Z123,27,Z141,Z151/Z153,4,Z173,1,Z191,Z201,1
198,Z12,24,Z32,Z41,Z62/Z63/Z64/Z65,Z75,4,Z93,Z101,4,Z124,36,Z141,Z151/Z153,1,Z173,1,Z192,Z201,0
199,Z12,18,Z33/Z30/Z31,Z42,Z61,Z75,4,Z91/Z94,Z101,3,Z124,40,Z143,Z152,1,Z171/Z172/Z174,1,Z192,Z201,1
200,Z14,9,Z34,Z46,Z62/Z63/Z64/Z65,Z75,4,Z93,Z101,2,Z123,52,Z143,Z152,2,Z173,1,Z192,Z201,0
201,Z11,12,Z32,Z40,Z61,Z73,4,Z91/Z94,Z101,3,Z121,27,Z143,Z152,1,Z171/Z172/Z174,1,Z191,Z201,0
202,Z14,27,Z33/Z30/Z31,Z49,Z61,Z74,3,Z93,Z101,4,Z123,26,Z143,Z152,2,Z173,1,Z191,Z201,0
203,Z11,12,Z32,Z48,Z61,Z74,4,Z91/Z94,Z101,4,Z122,21,Z143,Z151/Z153,1,Z173,1,Z191,Z201,1
204,Z14,12,Z34,Z40,Z61,Z75,4,Z93,Z101,1,Z121,38,Z143,Z152,2,Z171/Z172/Z174,2,Z191,Z201,0
205,Z11,30,Z34,Z41,Z61,Z75,3,Z93,Z101,4,Z124,38,Z143,Z151/Z153,3,Z171/Z172/Z174,2,Z192,Z201,0
206,Z14,12,Z34,Z42,Z61,Z75,4,Z93,Z101,4,Z121,43,Z143,Z152,3,Z173,1,Z192,Z201,0
207,Z12,12,Z34,Z44,Z61,Z74,4,Z93,Z101,3,Z122,26,Z143,Z152,1,Z173,1,Z191,Z201,0
208,Z11,24,Z32,Z49,Z61,Z73,2,Z91/Z94,Z101,2,Z123,21,Z142,Z152,1,Z171/Z172/Z174,1,Z191,Z201,0
209,Z14,12,Z32,Z41,Z62/Z63/Z64/Z65,Z74,3,Z93,Z101,2,Z122,55,Z143,Z152,1,Z173,1,Z191,Z202,0
210,Z14,9,Z34,Z43,Z62/Z63/Z64/Z65,Z73,1,Z93,Z101,2,Z121,33,Z143,Z152,2,Z173,2,Z191,Z201,0
211,Z14,36,Z32,Z43,Z62/Z63/Z64/Z65,Z75,2,Z92,Z101,4,Z121,45,Z143,Z152,1,Z171/Z172/Z174,1,Z192,Z201,0
212,Z11,27,Z33/Z30/Z31,Z49,Z61,Z71,2,Z93,Z101,4,Z122,50,Z142,Z152,2,Z173,1,Z192,Z201,1
213,Z13,30,Z33/Z30/Z31,Z49,Z61,Z75,4,Z93,Z101,4,Z121,66,Z143,Z152,1,Z171/Z172/Z174,1,Z192,Z201,1
214,Z14,36,Z34,Z43,Z62/Z63/Z64/Z65,Z75,4,Z93,Z101,2,Z123,51,Z143,Z152,1,Z173,1,Z192,Z201,0
215,Z12,6,Z34,Z48,Z62/Z63/Z64/Z65,Z74,1,Z92,Z101,3,Z122,39,Z143,Z152,2,Z171/Z172/Z174,1,Z191,Z201,0
216,Z11,18,Z33/Z30/Z31,Z49,Z61,Z74,3,Z93,Z101,1,Z122,31,Z141,Z152,1,Z173,1,Z192,Z201,0
217,Z13,36,Z32,Z43,Z61,Z73,2,Z93,Z101,2,Z121,23,Z143,Z152,1,Z173,1,Z192,Z201,0
218,Z11,24,Z32,Z42,Z61,Z73,2,Z91/Z94,Z101,2,Z121,24,Z143,Z151/Z153,1,Z171/Z172/Z174,1,Z191,Z201,0
219,Z14,10,Z32,Z40,Z61,Z73,2,Z92,Z101,4,Z123,64,Z143,Z152,1,Z173,1,Z192,Z201,0
220,Z12,12,Z32,Z43,Z61,Z72,4,Z91/Z94,Z103,1,Z121,26,Z141,Z152,1,Z171/Z172/Z174,1,Z191,Z201,0
221,Z11,12,Z32,Z46,Z62/Z63/Z64/Z65,Z73,4,Z92,Z101,4,Z122,23,Z141,Z151/Z153,1,Z173,1,Z192,Z201,0
222,Z14,12,Z32,Z43,Z61,Z73,4,Z93,Z101,2,Z121,30,Z141,Z152,2,Z173,1,Z191,Z201,0
223,Z14,24,Z33/Z30/Z31,Z49,Z62/Z63/Z64/Z65,Z73,4,Z93,Z101,4,Z121,32,Z143,Z152,2,Z173,2,Z192,Z201,0
224,Z14,15,Z32,Z41,Z61,Z73,3,Z93,Z101,2,Z123,30,Z143,Z152,1,Z173,1,Z192,Z201,0
225,Z14,36,Z33/Z30/Z31,Z45,Z61,Z73,4,Z93,Z101,2,Z123,27,Z143,Z152,2,Z173,1,Z191,Z201,0
226,Z12,48,Z32,Z43,Z62/Z63/Z64/Z65,Z74,1,Z93,Z102,2,Z124,27,Z141,Z152,2,Z173,1,Z192,Z201,1
227,Z11,12,Z32,Z42,Z61,Z75,4,Z93,Z101,4,Z124,53,Z143,Z151/Z153,1,Z171/Z172/Z174,1,Z192,Z201,1
228,Z14,9,Z32,Z43,Z61,Z74,4,Z93,Z101,2,Z123,22,Z143,Z152,1,Z173,1,Z191,Z201,1
229,Z11,24,Z32,Z42,Z61,Z72,4,Z93,Z101,1,Z124,22,Z141,Z151/Z153,1,Z173,1,Z191,Z201,0
230,Z13,36,Z32,Z43,Z61,Z73,4,Z93,Z101,2,Z123,26,Z143,Z152,1,Z173,1,Z191,Z201,1
231,Z14,9,Z32,Z40,Z62/Z63/Z64/Z65,Z75,2,Z93,Z101,4,Z124,51,Z143,Z151/Z153,1,Z171/Z172/Z174,1,Z191,Z201,0
232,Z14,12,Z32,Z43,Z62/Z63/Z64/Z65,Z74,3,Z93,Z101,1,Z124,35,Z143,Z152,1,Z173,1,Z191,Z201,0
233,Z12,18,Z32,Z43,Z61,Z73,4,Z91/Z94,Z103,2,Z121,25,Z143,Z152,1,Z171/Z172/Z174,1,Z191,Z201,0
234,Z14,4,Z34,Z43,Z61,Z74,2,Z93,Z101,1,Z121,42,Z143,Z152,3,Z171/Z172/Z174,2,Z191,Z201,0
235,Z11,24,Z32,Z43,Z61,Z71,4,Z93,Z101,2,Z123,30,Z142,Z152,1,Z171/Z172/Z174,2,Z191,Z201,1
236,Z12,6,Z32,Z40,Z62/Z63/Z64/Z65,Z71,1,Z93,Z101,2,Z122,23,Z143,Z152,1,Z171/Z172/Z174,1,Z192,Z201,1
237,Z12,21,Z32,Z49,Z62/Z63/Z64/Z65,Z75,4,Z91/Z94,Z101,2,Z123,61,Z141,Z151/Z153,2,Z171/Z172/Z174,1,Z191,Z201,1
238,Z14,12,Z34,Z43,Z61,Z73,4,Z92,Z101,2,Z122,35,Z143,Z152,2,Z173,1,Z191,Z201,0
239,Z11,30,Z32,Z43,Z61,Z75,1,Z93,Z103,3,Z122,39,Z143,Z152,1,Z173,2,Z191,Z201,0
240,Z11,24,Z32,Z40,Z62/Z63/Z64/Z65,Z75,4,Z92,Z101,2,Z123,29,Z141,Z152,1,Z173,1,Z191,Z201,1
241,Z14,6,Z32,Z43,Z61,Z74,3,Z93,Z101,2,Z122,51,Z143,Z152,1,Z173,2,Z191,Z201,0
242,Z11,48,Z33/Z30/Z31,Z41,Z61,Z75,3,Z93,Z101,4,Z124,24,Z143,Z151/Z153,2,Z173,2,Z191,Z201,1
243,Z14,12,Z34,Z49,Z61,Z73,3,Z92,Z101,2,Z121,27,Z143,Z152,2,Z173,1,Z191,Z201,0
244,Z14,12,Z33/Z30/Z31,Z48,Z62/Z63/Z64/Z65,Z73,4,Z92,Z101,3,Z121,35,Z143,Z152,1,Z171/Z172/Z174,2,Z191,Z201,0
245,Z14,24,Z32,Z49,Z61,Z74,4,Z93,Z101,1,Z121,25,Z143,Z152,1,Z173,1,Z192,Z201,0
246,Z14,12,Z34,Z43,Z61,Z75,4,Z93,Z101,4,Z121,52,Z143,Z152,3,Z173,1,Z191,Z201,0
247,Z14,6,Z33/Z30/Z31,Z40,Z62/Z63/Z64/Z65,Z73,4,Z93,Z101,1,Z124,35,Z141,Z151/Z153,1,Z173,1,Z191,Z202,0
248,Z13,24,Z32,Z42,Z61,Z73,2,Z93,Z101,2,Z121,26,Z143,Z152,1,Z173,1,Z191,Z201,0
249,Z14,18,Z32,Z43,Z61,Z71,3,Z92,Z102,4,Z121,22,Z143,Z151/Z153,1,Z173,1,Z191,Z201,1
250,Z11,6,Z34,Z40,Z62/Z63/Z64/Z65,Z74,3,Z92,Z101,4,Z121,39,Z143,Z152,2,Z171/Z172/Z174,1,Z192,Z201,0
251,Z13,12,Z32,Z42,Z61,Z73,1,Z92,Z101,2,Z123,46,Z143,Z152,1,Z171/Z172/Z174,1,Z191,Z201,0
252,Z12,30,Z32,Z40,Z61,Z73,4,Z92,Z103,2,Z124,24,Z141,Z152,1,Z173,1,Z191,Z201,1
253,Z14,24,Z33/Z30/Z31,Z42,Z62/Z63/Z64/Z65,Z73,2,Z93,Z101,3,Z122,35,Z143,Z152,2,Z173,1,Z191,Z201,0
254,Z12,9,Z32,Z42,Z62/Z63/Z64/Z65,Z74,2,Z93,Z101,1,Z123,24,Z143,Z152,1,Z173,1,Z192,Z201,0
255,Z12,60,Z33/Z30/Z31,Z43,Z62/Z63/Z64/Z65,Z73,1,Z93,Z101,1,Z121,27,Z143,Z152,1,Z171/Z172/Z174,1,Z191,Z201,0
256,Z14,24,Z34,Z43,Z61,Z73,4,Z93,Z101,2,Z121,35,Z143,Z152,2,Z171/Z172/Z174,1,Z191,Z201,0
257,Z11,12,Z33/Z30/Z31,Z43,Z61,Z73,4,Z91/Z94,Z101,1,Z124,29,Z143,Z151/Z153,1,Z173,1,Z191,Z201,1
258,Z14,15,Z32,Z41,Z62/Z63/Z64/Z65,Z72,1,Z92,Z101,4,Z123,23,Z143,Z152,1,Z173,1,Z192,Z201,0
259,Z14,11,Z34,Z43,Z62/Z63/Z64/Z65,Z71,4,Z92,Z101,4,Z121,57,Z143,Z152,3,Z171/Z172/Z174,1,Z191,Z201,0
260,Z11,12,Z32,Z42,Z61,Z73,2,Z93,Z101,2,Z121,27,Z143,Z152,1,Z173,1,Z191,Z201,0
261,Z11,24,Z32,Z43,Z61,Z75,4,Z92,Z101,4,Z123,55,Z143,Z152,1,Z173,1,Z191,Z201,0
262,Z11,18,Z34,Z40,Z61,Z75,2,Z93,Z101,4,Z124,36,Z143,Z151/Z153,3,Z171/Z172/Z174,1,Z192,Z201,0
263,Z14,12,Z34,Z46,Z61,Z75,2,Z92,Z101,4,Z124,57,Z141,Z151/Z153,3,Z171/Z172/Z174,1,Z191,Z201,0
264,Z14,10,Z34,Z40,Z61,Z75,3,Z93,Z101,4,Z121,32,Z143,Z152,2,Z171/Z172/Z174,2,Z191,Z202,0
265,Z12,15,Z32,Z43,Z61,Z75,4,Z93,Z101,3,Z123,37,Z143,Z152,1,Z173,2,Z191,Z201,1
266,Z14,36,Z34,Z49,Z62/Z63/Z64/Z65,Z75,4,Z93,Z101,4,Z121,36,Z143,Z152,2,Z173,1,Z191,Z201,0
267,Z14,24,Z32,Z43,Z61,Z72,4,Z92,Z101,3,Z123,38,Z142,Z152,1,Z173,1,Z192,Z201,0
268,Z11,14,Z32,Z40,Z61,Z75,1,Z91/Z94,Z101,4,Z122,45,Z143,Z152,1,Z171/Z172/Z174,1,Z192,Z202,1
269,Z14,24,Z32,Z43,Z62/Z63/Z64/Z65,Z75,4,Z93,Z101,2,Z123,25,Z143,Z152,2,Z173,1,Z191,Z201,0
270,Z14,18,Z32,Z40,Z62/Z63/Z64/Z65,Z74,4,Z93,Z101,3,Z122,32,Z143,Z152,1,Z173,1,Z191,Z202,0
271,Z14,12,Z34,Z42,Z62/Z63/Z64/Z65,Z74,3,Z92,Z101,4,Z123,37,Z143,Z151/Z153,1,Z173,1,Z192,Z201,0
272,Z12,48,Z33/Z30/Z31,Z40,Z62/Z63/Z64/Z65,Z71,4,Z93,Z102,4,Z124,36,Z143,Z151/Z153,1,Z171/Z172/Z174,1,Z192,Z201,0
273,Z12,48,Z32,Z43,Z61,Z74,4,Z93,Z101,4,Z121,28,Z143,Z152,2,Z173,1,Z191,Z201,1
274,Z11,30,Z32,Z45,Z61,Z72,1,Z91/Z94,Z101,1,Z124,34,Z143,Z152,1,Z171/Z172/Z174,1,Z192,Z201,1
275,Z14,9,Z32,Z43,Z61,Z73,1,Z93,Z101,2,Z121,32,Z143,Z152,1,Z173,2,Z191,Z201,0
276,Z14,18,Z34,Z43,Z61,Z73,2,Z92,Z101,2,Z123,26,Z143,Z152,2,Z173,1,Z191,Z201,0
277,Z11,12,Z32,Z42,Z62/Z63/Z64/Z65,Z75,2,Z91/Z94,Z101,4,Z122,49,Z143,Z152,1,Z171/Z172/Z174,1,Z192,Z201,0
278,Z14,6,Z32,Z42,Z61,Z72,1,Z92,Z101,4,Z122,32,Z143,Z152,1,Z173,1,Z191,Z201,1
279,Z14,24,Z32,Z43,Z62/Z63/Z64/Z65,Z73,4,Z93,Z101,4,Z123,29,Z143,Z151/Z153,1,Z171/Z172/Z174,1,Z192,Z201,0
280,Z14,15,Z34,Z41,Z62/Z63/Z64/Z65,Z75,3,Z93,Z101,4,Z124,23,Z143,Z151/Z153,2,Z173,1,Z192,Z201,0
281,Z14,12,Z32,Z42,Z61,Z73,4,Z93,Z101,2,Z121,50,Z143,Z152,1,Z173,1,Z191,Z201,0
282,Z13,18,Z33/Z30/Z31,Z43,Z62/Z63/Z64/Z65,Z74,4,Z93,Z101,4,Z123,49,Z141,Z152,1,Z171/Z172/Z174,1,Z191,Z201,0
283,Z14,15,Z34,Z42,Z62/Z63/Z64/Z65,Z75,4,Z93,Z101,4,Z122,63,Z143,Z152,1,Z173,1,Z191,Z201,0
284,Z12,24,Z34,Z40,Z62/Z63/Z64/Z65,Z72,4,Z91/Z94,Z101,2,Z123,37,Z143,Z152,1,Z173,1,Z192,Z201,0
285,Z11,47,Z32,Z40,Z61,Z72,1,Z92,Z101,1,Z121,35,Z143,Z152,1,Z171/Z172/Z174,1,Z192,Z201,0
286,Z11,48,Z32,Z41,Z61,Z74,4,Z93,Z101,3,Z122,26,Z143,Z152,1,Z173,2,Z191,Z201,0
287,Z12,48,Z33/Z30/Z31,Z410,Z62/Z63/Z64/Z65,Z71,2,Z93,Z101,4,Z124,31,Z143,Z151/Z153,1,Z171/Z172/Z174,1,Z192,Z201,0
288,Z12,12,Z32,Z43,Z61,Z73,4,Z92,Z103,4,Z121,49,Z143,Z152,2,Z173,1,Z192,Z201,0
289,Z11,24,Z33/Z30/Z31,Z43,Z61,Z72,4,Z91/Z94,Z101,4,Z121,48,Z142,Z152,1,Z173,1,Z191,Z201,1
290,Z14,12,Z32,Z49,Z61,Z73,2,Z91/Z94,Z101,2,Z121,26,Z143,Z152,1,Z173,1,Z192,Z202,0
291,Z12,36,Z32,Z41,Z61,Z72,1,Z91/Z94,Z101,4,Z123,28,Z143,Z151/Z153,1,Z171/Z172/Z174,1,Z192,Z201,1
292,Z11,24,Z34,Z41,Z61,Z75,2,Z92,Z101,4,Z124,44,Z143,Z151/Z153,2,Z171/Z172/Z174,2,Z192,Z201,0
293,Z13,42,Z34,Z41,Z61,Z75,4,Z93,Z101,4,Z124,56,Z143,Z151/Z153,1,Z173,1,Z191,Z201,0
294,Z14,48,Z34,Z49,Z62/Z63/Z64/Z65,Z75,4,Z91/Z94,Z101,2,Z123,46,Z141,Z152,2,Z171/Z172/Z174,2,Z191,Z201,0
295,Z12,48,Z32,Z42,Z61,Z72,1,Z92,Z101,2,Z123,26,Z143,Z152,1,Z173,1,Z192,Z201,1
296,Z14,12,Z32,Z41,Z62/Z63/Z64/Z65,Z72,1,Z92,Z101,4,Z123,20,Z143,Z151/Z153,1,Z173,1,Z191,Z201,0
297,Z14,10,Z32,Z40,Z62/Z63/Z64/Z65,Z75,4,Z93,Z102,2,Z122,45,Z143,Z152,1,Z171/Z172/Z174,1,Z191,Z202,0
298,Z14,18,Z32,Z42,Z61,Z73,3,Z93,Z101,4,Z121,43,Z143,Z152,1,Z173,1,Z192,Z201,0
299,Z12,21,Z34,Z42,Z62/Z63/Z64/Z65,Z74,3,Z93,Z101,2,Z123,32,Z143,Z152,2,Z173,1,Z192,Z201,0
300,Z14,6,Z32,Z40,Z61,Z71,1,Z92,Z101,4,Z121,54,Z143,Z152,1,Z171/Z172/Z174,1,Z192,Z201,0
301,Z12,36,Z33/Z30/Z31,Z43,Z61,Z73,4,Z92,Z101,1,Z123,42,Z143,Z152,1,Z173,1,Z192,Z201,1
302,Z13,24,Z34,Z40,Z62/Z63/Z64/Z65,Z74,4,Z93,Z101,2,Z121,37,Z141,Z152,2,Z171/Z172/Z174,2,Z191,Z201,1
303,Z11,10,Z34,Z40,Z61,Z74,4,Z93,Z102,3,Z122,49,Z143,Z152,2,Z173,1,Z192,Z201,0
304,Z14,48,Z34,Z40,Z62/Z63/Z64/Z65,Z73,2,Z93,Z101,2,Z124,44,Z141,Z151/Z153,1,Z173,1,Z191,Z201,1
305,Z14,6,Z32,Z42,Z62/Z63/Z64/Z65,Z73,4,Z91/Z94,Z101,2,Z121,33,Z143,Z152,1,Z173,1,Z191,Z201,0
306,Z14,30,Z32,Z41,Z62/Z63/Z64/Z65,Z74,2,Z92,Z101,4,Z122,24,Z142,Z151/Z153,1,Z171/Z172/Z174,1,Z191,Z201,0
307,Z11,12,Z32,Z43,Z62/Z63/Z64/Z65,Z72,4,Z91/Z94,Z101,3,Z124,33,Z143,Z152,1,Z171/Z172/Z174,1,Z192,Z201,1
308,Z12,8,Z32,Z42,Z61,Z73,3,Z92,Z101,4,Z121,24,Z143,Z152,1,Z173,1,Z191,Z201,1
309,Z12,9,Z32,Z40,Z61,Z73,4,Z91/Z94,Z101,4,Z121,22,Z143,Z151/Z153,1,Z171/Z172/Z174,1,Z191,Z201,0
310,Z12,48,Z32,Z410,Z62/Z63/Z64/Z65,Z71,3,Z93,Z101,4,Z124,40,Z141,Z151/Z153,1,Z171/Z172/Z174,1,Z192,Z201,0
311,Z14,24,Z32,Z42,Z62/Z63/Z64/Z65,Z73,4,Z93,Z101,1,Z123,25,Z142,Z152,1,Z173,1,Z191,Z201,0
312,Z13,24,Z32,Z42,Z61,Z72,2,Z92,Z101,4,Z123,26,Z143,Z152,1,Z173,1,Z191,Z201,0
313,Z12,12,Z32,Z40,Z61,Z74,2,Z91/Z94,Z101,3,Z123,25,Z141,Z152,1,Z171/Z172/Z174,1,Z191,Z201,1
314,Z13,4,Z32,Z40,Z62/Z63/Z64/Z65,Z72,1,Z93,Z101,2,Z121,29,Z143,Z152,1,Z171/Z172/Z174,2,Z191,Z202,0
315,Z11,36,Z33/Z30/Z31,Z42,Z61,Z75,4,Z93,Z101,4,Z123,31,Z141,Z152,1,Z173,1,Z191,Z201,1
316,Z11,12,Z32,Z42,Z61,Z73,2,Z93,Z103,3,Z122,38,Z143,Z152,1,Z171/Z172/Z174,2,Z191,Z201,0
317,Z12,24,Z32,Z42,Z62/Z63/Z64/Z65,Z73,1,Z92,Z101,4,Z122,48,Z143,Z152,1,Z171/Z172/Z174,1,Z192,Z201,0
318,Z14,12,Z34,Z46,Z61,Z73,4,Z93,Z101,2,Z123,32,Z143,Z152,2,Z173,1,Z191,Z201,0
319,Z11,15,Z33/Z30/Z31,Z42,Z61,Z75,1,Z92,Z101,4,Z122,27,Z143,Z152,2,Z171/Z172/Z174,1,Z191,Z201,0
320,Z12,30,Z34,Z40,Z61,Z71,4,Z91/Z94,Z101,2,Z123,28,Z143,Z152,2,Z171/Z172/Z174,1,Z191,Z201,1
321,Z11,24,Z32,Z43,Z61,Z72,4,Z91/Z94,Z101,3,Z122,32,Z143,Z152,1,Z173,1,Z191,Z201,1
322,Z11,24,Z32,Z41,Z61,Z74,2,Z93,Z101,1,Z124,34,Z143,Z151/Z153,1,Z171/Z172/Z174,1,Z192,Z201,0
323,Z11,18,Z32,Z42,Z62/Z63/Z64/Z65,Z73,4,Z93,Z101,2,Z123,28,Z143,Z152,1,Z173,1,Z191,Z201,0
324,Z14,18,Z34,Z40,Z61,Z73,4,Z92,Z101,3,Z121,36,Z143,Z152,2,Z173,1,Z191,Z201,0
325,Z11,8,Z34,Z40,Z61,Z74,1,Z93,Z101,4,Z121,39,Z143,Z152,2,Z171/Z172/Z174,1,Z191,Z202,0
326,Z14,12,Z34,Z42,Z62/Z63/Z64/Z65,Z75,2,Z93,Z101,4,Z122,49,Z143,Z151/Z153,1,Z173,1,Z192,Z201,0
327,Z14,24,Z32,Z40,Z62/Z63/Z64/Z65,Z74,4,Z92,Z101,3,Z123,34,Z143,Z152,1,Z173,2,Z192,Z201,0
328,Z13,36,Z32,Z43,Z61,Z75,4,Z93,Z101,2,Z123,31,Z143,Z152,1,Z173,1,Z191,Z201,0
329,Z12,6,Z32,Z43,Z61,Z75,4,Z93,Z101,4,Z123,28,Z143,Z152,1,Z173,2,Z191,Z201,0
330,Z11,24,Z34,Z41,Z61,Z71,2,Z93,Z101,4,Z124,75,Z143,Z151/Z153,2,Z171/Z172/Z174,1,Z192,Z201,0
331,Z14,18,Z34,Z46,Z62/Z63/Z64/Z65,Z73,4,Z92,Z101,2,Z121,30,Z143,Z152,2,Z173,1,Z191,Z201,1
332,Z12,60,Z32,Z40,Z62/Z63/Z64/Z65,Z72,4,Z92,Z101,2,Z122,24,Z143,Z152,1,Z171/Z172/Z174,1,Z191,Z201,1
333,Z14,48,Z34,Z41,Z62/Z63/Z64/Z65,Z73,2,Z92,Z101,4,Z123,24,Z141,Z151/Z153,2,Z171/Z172/Z174,1,Z191,Z201,1
334,Z11,24,Z33/Z30/Z31,Z42,Z61,Z75,3,Z93,Z101,4,Z124,23,Z141,Z151/Z153,2,Z173,2,Z191,Z201,1
335,Z11,6,Z34,Z42,Z61,Z73,1,Z91/Z94,Z101,4,Z121,44,Z143,Z151/Z153,1,Z171/Z172/Z174,1,Z192,Z201,1
336,Z12,13,Z32,Z43,Z61,Z72,2,Z92,Z103,4,Z122,23,Z143,Z152,1,Z171/Z172/Z174,1,Z191,Z201,0
337,Z11,15,Z32,Z44,Z62/Z63/Z64/Z65,Z73,4,Z92,Z101,2,Z123,24,Z143,Z151/Z153,1,Z173,1,Z191,Z201,1
338,Z11,24,Z32,Z42,Z61,Z73,4,Z93,Z101,4,Z122,28,Z143,Z152,1,Z173,1,Z191,Z201,0
339,Z12,10,Z32,Z42,Z61,Z73,4,Z91/Z94,Z101,2,Z123,31,Z143,Z152,1,Z171/Z172/Z174,1,Z191,Z201,0
340,Z12,24,Z34,Z46,Z61,Z72,2,Z92,Z101,4,Z124,24,Z143,Z151/Z153,2,Z173,1,Z192,Z201,0
341,Z11,21,Z32,Z42,Z61,Z74,1,Z92,Z101,4,Z123,26,Z143,Z151/Z153,1,Z171/Z172/Z174,1,Z191,Z201,0
342,Z12,18,Z32,Z43,Z62/Z63/Z64/Z65,Z72,1,Z91/Z94,Z101,3,Z121,25,Z143,Z151/Z153,1,Z173,1,Z191,Z201,0
343,Z12,18,Z32,Z49,Z61,Z75,1,Z93,Z102,1,Z121,33,Z141,Z152,1,Z171/Z172/Z174,1,Z192,Z201,0
344,Z13,10,Z32,Z40,Z61,Z72,1,Z93,Z103,1,Z122,37,Z143,Z152,1,Z171/Z172/Z174,2,Z191,Z201,0
345,Z14,15,Z34,Z43,Z61,Z73,4,Z92,Z101,2,Z123,43,Z143,Z152,1,Z171/Z172/Z174,1,Z191,Z201,0
346,Z12,13,Z34,Z43,Z61,Z72,4,Z93,Z103,4,Z121,23,Z143,Z152,2,Z173,1,Z191,Z201,0
347,Z12,24,Z32,Z43,Z62/Z63/Z64/Z65,Z71,1,Z92,Z101,4,Z124,23,Z143,Z151/Z153,1,Z171/Z172/Z174,1,Z191,Z201,0
348,Z14,6,Z33/Z30/Z31,Z49,Z62/Z63/Z64/Z65,Z73,1,Z93,Z101,2,Z121,34,Z143,Z152,2,Z171/Z172/Z174,1,Z191,Z201,0
349,Z12,9,Z34,Z46,Z62/Z63/Z64/Z65,Z75,4,Z93,Z101,3,Z124,32,Z143,Z151/Z153,2,Z173,2,Z191,Z201,1
350,Z14,9,Z32,Z44,Z61,Z72,1,Z92,Z101,4,Z121,23,Z143,Z151/Z153,1,Z173,1,Z192,Z201,0
351,Z12,9,Z32,Z42,Z61,Z73,1,Z92,Z101,2,Z123,29,Z143,Z152,1,Z173,1,Z191,Z202,1
352,Z14,18,Z34,Z41,Z62/Z63/Z64/Z65,Z71,2,Z93,Z101,4,Z124,38,Z143,Z152,1,Z171/Z172/Z174,1,Z192,Z201,0
353,Z11,12,Z33/Z30/Z31,Z43,Z61,Z73,4,Z93,Z101,2,Z122,28,Z143,Z151/Z153,2,Z173,1,Z192,Z201,1
354,Z14,10,Z32,Z46,Z62/Z63/Z64/Z65,Z75,4,Z93,Z101,4,Z124,46,Z143,Z151/Z153,1,Z173,1,Z192,Z201,0
355,Z12,24,Z32,Z40,Z61,Z72,4,Z93,Z101,2,Z121,23,Z142,Z152,1,Z171/Z172/Z174,1,Z191,Z201,1
356,Z14,12,Z34,Z43,Z62/Z63/Z64/Z65,Z75,1,Z93,Z102,4,Z121,49,Z143,Z152,1,Z173,1,Z192,Z201,0
357,Z14,36,Z33/Z30/Z31,Z43,Z61,Z73,4,Z93,Z101,2,Z123,26,Z143,Z152,2,Z171/Z172/Z174,1,Z192,Z201,1
358,Z14,12,Z32,Z43,Z61,Z73,4,Z91/Z94,Z101,2,Z121,28,Z143,Z152,1,Z173,1,Z191,Z201,0
359,Z11,30,Z32,Z42,Z61,Z74,4,Z92,Z101,4,Z121,23,Z143,Z151/Z153,1,Z173,1,Z191,Z201,1
360,Z12,18,Z32,Z46,Z62/Z63/Z64/Z65,Z73,4,Z93,Z101,4,Z124,61,Z143,Z151/Z153,1,Z173,1,Z191,Z201,0
361,Z13,12,Z32,Z43,Z62/Z63/Z64/Z65,Z75,2,Z93,Z101,3,Z123,37,Z143,Z152,1,Z171/Z172/Z174,1,Z191,Z201,0
362,Z13,12,Z33/Z30/Z31,Z40,Z61,Z73,2,Z92,Z101,2,Z123,36,Z142,Z152,2,Z173,1,Z192,Z201,0
363,Z14,6,Z32,Z42,Z61,Z73,1,Z91/Z94,Z101,2,Z122,21,Z143,Z151/Z153,1,Z173,1,Z191,Z201,0
364,Z11,18,Z32,Z42,Z61,Z71,4,Z93,Z101,1,Z123,25,Z143,Z152,1,Z171/Z172/Z174,1,Z191,Z201,1
365,Z14,12,Z32,Z49,Z61,Z74,2,Z93,Z101,4,Z123,36,Z143,Z152,1,Z173,1,Z192,Z201,0
366,Z14,18,Z34,Z41,Z61,Z74,3,Z93,Z101,1,Z123,27,Z143,Z152,2,Z173,1,Z191,Z201,0
367,Z11,18,Z32,Z42,Z61,Z72,1,Z92,Z101,4,Z123,22,Z143,Z151/Z153,1,Z173,1,Z191,Z201,0
368,Z11,36,Z32,Z42,Z61,Z75,4,Z93,Z101,2,Z123,42,Z143,Z152,1,Z173,2,Z191,Z201,1
369,Z12,18,Z32,Z42,Z61,Z74,2,Z92,Z101,4,Z121,40,Z143,Z151/Z153,1,Z173,1,Z191,Z201,0
370,Z14,36,Z32,Z40,Z62/Z63/Z64/Z65,Z73,4,Z93,Z101,4,Z121,36,Z143,Z152,1,Z173,1,Z191,Z201,0
371,Z14,18,Z34,Z43,Z61,Z75,3,Z93,Z101,4,Z123,33,Z143,Z152,2,Z173,1,Z192,Z201,0
372,Z14,10,Z34,Z42,Z61,Z72,1,Z92,Z101,3,Z121,23,Z143,Z151/Z153,2,Z173,1,Z191,Z201,0
373,Z14,60,Z34,Z40,Z62/Z63/Z64/Z65,Z75,2,Z93,Z101,4,Z124,63,Z141,Z151/Z153,1,Z171/Z172/Z174,1,Z192,Z201,0
374,Z12,60,Z33/Z30/Z31,Z410,Z62/Z63/Z64/Z65,Z75,3,Z92,Z101,4,Z124,60,Z141,Z151/Z153,2,Z171/Z172/Z174,1,Z192,Z201,1
375,Z11,48,Z33/Z30/Z31,Z49,Z61,Z74,2,Z92,Z103,4,Z123,37,Z143,Z151/Z153,1,Z173,1,Z191,Z201,1
376,Z14,18,Z33/Z30/Z31,Z43,Z61,Z71,2,Z91/Z94,Z101,3,Z121,34,Z143,Z152,2,Z173,1,Z191,Z201,0
377,Z14,7,Z33/Z30/Z31,Z43,Z62/Z63/Z64/Z65,Z75,3,Z93,Z101,4,Z124,36,Z143,Z151/Z153,1,Z173,1,Z191,Z201,0
378,Z12,36,Z32,Z40,Z61,Z75,4,Z93,Z101,2,Z124,57,Z143,Z151/Z153,1,Z171/Z172/Z174,1,Z192,Z201,1
379,Z14,6,Z34,Z40,Z62/Z63/Z64/Z65,Z73,4,Z92,Z101,4,Z123,52,Z143,Z152,2,Z171/Z172/Z174,1,Z191,Z201,0
380,Z11,20,Z32,Z42,Z62/Z63/Z64/Z65,Z74,4,Z93,Z101,4,Z123,39,Z143,Z152,1,Z173,1,Z192,Z201,0
381,Z12,18,Z32,Z41,Z61,Z71,3,Z92,Z101,4,Z124,38,Z143,Z151/Z153,1,Z171/Z172/Z174,1,Z192,Z201,1
382,Z14,22,Z32,Z40,Z62/Z63/Z64/Z65,Z74,4,Z92,Z101,4,Z122,25,Z143,Z151/Z153,1,Z173,1,Z191,Z201,0
383,Z13,12,Z32,Z40,Z61,Z72,4,Z93,Z101,1,Z121,26,Z143,Z152,1,Z173,1,Z191,Z201,0
384,Z14,30,Z33/Z30/Z31,Z49,Z62/Z63/Z64/Z65,Z73,2,Z93,Z101,2,Z122,26,Z143,Z152,2,Z171/Z172/Z174,1,Z191,Z201,0
385,Z14,18,Z34,Z43,Z61,Z73,2,Z92,Z101,1,Z123,25,Z143,Z152,2,Z173,1,Z191,Z201,0
386,Z14,18,Z32,Z43,Z62/Z63/Z64/Z65,Z72,4,Z92,Z101,2,Z121,21,Z143,Z151/Z153,1,Z173,1,Z192,Z201,0
387,Z12,18,Z34,Z42,Z61,Z71,4,Z93,Z101,4,Z122,40,Z142,Z152,2,Z171/Z172/Z174,1,Z192,Z201,0
388,Z12,15,Z34,Z49,Z62/Z63/Z64/Z65,Z73,2,Z93,Z101,4,Z123,27,Z141,Z152,1,Z173,1,Z191,Z201,0
389,Z14,9,Z32,Z49,Z61,Z74,3,Z92,Z101,2,Z123,27,Z143,Z152,2,Z173,1,Z191,Z201,0
390,Z14,18,Z32,Z40,Z61,Z73,2,Z91/Z94,Z101,2,Z122,30,Z143,Z152,1,Z171/Z172/Z174,1,Z192,Z201,0
391,Z12,12,Z32,Z42,Z62/Z63/Z64/Z65,Z72,1,Z92,Z101,4,Z121,19,Z143,Z151/Z153,1,Z171/Z172/Z174,1,Z191,Z201,0
392,Z11,36,Z32,Z40,Z61,Z74,2,Z93,Z101,4,Z124,39,Z141,Z151/Z153,1,Z171/Z172/Z174,2,Z192,Z201,0
393,Z11,6,Z34,Z43,Z61,Z74,1,Z92,Z101,4,Z123,31,Z143,Z152,1,Z173,1,Z191,Z201,0
394,Z14,9,Z34,Z42,Z61,Z71,2,Z93,Z101,3,Z123,31,Z143,Z152,1,Z171/Z172/Z174,1,Z191,Z201,0
395,Z12,39,Z33/Z30/Z31,Z46,Z62/Z63/Z64/Z65,Z74,2,Z93,Z101,3,Z124,32,Z143,Z151/Z153,1,Z173,1,Z192,Z201,0
396,Z11,12,Z32,Z42,Z61,Z71,3,Z92,Z101,4,Z124,55,Z143,Z151/Z153,1,Z171/Z172/Z174,1,Z191,Z201,0
397,Z11,36,Z34,Z42,Z61,Z73,3,Z91/Z94,Z101,2,Z122,46,Z143,Z152,2,Z173,1,Z192,Z201,0
398,Z12,12,Z32,Z40,Z61,Z75,1,Z91/Z94,Z101,1,Z121,46,Z143,Z151/Z153,2,Z173,1,Z191,Z201,1
399,Z14,24,Z34,Z43,Z62/Z63/Z64/Z65,Z73,4,Z92,Z101,1,Z121,43,Z143,Z152,2,Z171/Z172/Z174,1,Z191,Z201,0
400,Z14,18,Z32,Z43,Z61,Z72,3,Z91/Z94,Z101,4,Z121,39,Z143,Z152,1,Z173,1,Z192,Z201,0
401,Z12,18,Z34,Z49,Z62/Z63/Z64/Z65,Z73,4,Z91/Z94,Z101,4,Z121,28,Z141,Z152,2,Z173,1,Z191,Z201,0
402,Z14,24,Z33/Z30/Z31,Z49,Z61,Z72,2,Z93,Z101,2,Z123,27,Z141,Z152,2,Z173,1,Z192,Z201,1
403,Z14,14,Z33/Z30/Z31,Z40,Z61,Z73,4,Z93,Z101,2,Z123,27,Z143,Z152,2,Z171/Z172/Z174,1,Z191,Z201,0
404,Z12,18,Z33/Z30/Z31,Z40,Z62/Z63/Z64/Z65,Z75,4,Z93,Z101,4,Z123,43,Z143,Z152,1,Z173,2,Z191,Z201,0
405,Z12,24,Z32,Z43,Z61,Z72,1,Z91/Z94,Z101,1,Z122,22,Z143,Z152,1,Z173,1,Z192,Z201,1
406,Z14,24,Z34,Z41,Z62/Z63/Z64/Z65,Z74,4,Z93,Z101,4,Z123,43,Z143,Z152,2,Z173,2,Z192,Z201,0
407,Z11,15,Z32,Z43,Z61,Z72,4,Z91/Z94,Z101,2,Z121,27,Z143,Z152,1,Z173,1,Z191,Z202,0
408,Z14,24,Z32,Z43,Z62/Z63/Z64/Z65,Z75,3,Z91/Z94,Z101,2,Z123,26,Z143,Z152,1,Z171/Z172/Z174,1,Z192,Z201,0
409,Z13,12,Z34,Z40,Z62/Z63/Z64/Z65,Z74,4,Z91/Z94,Z101,2,Z121,28,Z143,Z152,3,Z173,1,Z192,Z201,1
410,Z12,24,Z32,Z43,Z61,Z75,4,Z92,Z101,4,Z123,20,Z143,Z152,1,Z173,1,Z192,Z201,0
411,Z14,33,Z34,Z41,Z61,Z74,3,Z93,Z101,2,Z123,35,Z143,Z152,2,Z171/Z172/Z174,1,Z192,Z201,0
412,Z14,12,Z34,Z49,Z61,Z71,4,Z93,Z101,2,Z123,42,Z142,Z152,2,Z171/Z172/Z174,1,Z192,Z201,1
413,Z14,10,Z32,Z40,Z62/Z63/Z64/Z65,Z73,3,Z93,Z101,2,Z124,40,Z143,Z151/Z153,1,Z171/Z172/Z174,2,Z191,Z202,0
414,Z11,24,Z32,Z40,Z62/Z63/Z64/Z65,Z73,4,Z92,Z101,2,Z122,35,Z143,Z152,1,Z173,1,Z191,Z201,1
415,Z14,36,Z34,Z41,Z61,Z75,2,Z93,Z101,2,Z122,35,Z143,Z152,2,Z173,2,Z192,Z201,0
416,Z11,12,Z32,Z40,Z61,Z72,4,Z93,Z101,1,Z121,33,Z143,Z152,1,Z171/Z172/Z174,2,Z191,Z201,1
417,Z11,18,Z33/Z30/Z31,Z46,Z62/Z63/Z64/Z65,Z73,1,Z92,Z101,2,Z123,23,Z143,Z151/Z153,2,Z173,1,Z192,Z201,0
418,Z14,21,Z32,Z40,Z62/Z63/Z64/Z65,Z74,1,Z92,Z101,2,Z123,31,Z141,Z152,1,Z171/Z172/Z174,1,Z191,Z201,0
419,Z12,18,Z32,Z40,Z62/Z63/Z64/Z65,Z73,4,Z92,Z101,2,Z122,33,Z143,Z152,1,Z173,1,Z191,Z201,1
420,Z14,15,Z32,Z40,Z62/Z63/Z64/Z65,Z74,2,Z92,Z101,3,Z123,20,Z143,Z151/Z153,1,Z173,1,Z191,Z201,0
421,Z12,12,Z32,Z41,Z62/Z63/Z64/Z65,Z73,4,Z93,Z101,2,Z123,30,Z143,Z152,1,Z173,1,Z191,Z201,0
422,Z12,12,Z34,Z40,Z61,Z74,2,Z93,Z101,3,Z121,47,Z143,Z152,2,Z171/Z172/Z174,2,Z191,Z201,0
423,Z14,21,Z33/Z30/Z31,Z42,Z62/Z63/Z64/Z65,Z74,4,Z93,Z101,3,Z121,34,Z143,Z152,2,Z171/Z172/Z174,1,Z191,Z201,0
424,Z12,12,Z32,Z42,Z62/Z63/Z64/Z65,Z75,1,Z92,Z101,2,Z122,25,Z141,Z152,1,Z173,1,Z192,Z201,1
425,Z12,18,Z32,Z41,Z61,Z73,1,Z91/Z94,Z101,3,Z123,21,Z143,Z151/Z153,1,Z173,1,Z192,Z201,0
426,Z14,28,Z34,Z43,Z61,Z75,4,Z93,Z101,2,Z123,29,Z143,Z152,2,Z173,1,Z191,Z201,0
427,Z14,18,Z34,Z43,Z62/Z63/Z64/Z65,Z73,4,Z93,Z101,3,Z121,46,Z143,Z152,2,Z173,1,Z191,Z201,0
428,Z14,9,Z32,Z42,Z61,Z75,1,Z93,Z101,4,Z123,20,Z143,Z152,1,Z173,1,Z191,Z201,0
429,Z11,18,Z34,Z45,Z61,Z71,2,Z92,Z101,4,Z124,55,Z143,Z151/Z153,3,Z171/Z172/Z174,2,Z191,Z201,1
430,Z14,5,Z32,Z49,Z61,Z74,1,Z93,Z101,4,Z121,74,Z143,Z152,1,Z171/Z172/Z174,1,Z191,Z201,0
431,Z12,24,Z32,Z410,Z61,Z73,2,Z93,Z102,3,Z123,29,Z141,Z152,2,Z171/Z172/Z174,1,Z192,Z201,1
432,Z11,6,Z34,Z42,Z61,Z71,4,Z93,Z101,4,Z124,36,Z143,Z151/Z153,3,Z171/Z172/Z174,1,Z192,Z201,0
433,Z14,24,Z34,Z45,Z61,Z73,4,Z91/Z94,Z101,2,Z121,33,Z143,Z152,2,Z173,1,Z192,Z201,0
434,Z11,9,Z32,Z42,Z61,Z73,3,Z93,Z101,2,Z121,25,Z143,Z152,1,Z173,1,Z191,Z201,0
435,Z12,12,Z32,Z43,Z62/Z63/Z64/Z65,Z73,2,Z91/Z94,Z101,1,Z121,25,Z143,Z152,1,Z173,1,Z192,Z201,1
436,Z14,6,Z32,Z45,Z62/Z63/Z64/Z65,Z74,2,Z91/Z94,Z101,4,Z121,23,Z143,Z151/Z153,1,Z171/Z172/Z174,1,Z191,Z201,0
437,Z14,24,Z34,Z40,Z62/Z63/Z64/Z65,Z75,4,Z92,Z101,4,Z121,37,Z143,Z152,2,Z173,1,Z192,Z201,0
438,Z11,42,Z34,Z45,Z61,Z71,4,Z93,Z102,4,Z123,65,Z143,Z152,2,Z171/Z172/Z174,1,Z191,Z201,0
439,Z13,12,Z33/Z30/Z31,Z49,Z61,Z72,4,Z92,Z101,1,Z121,26,Z143,Z152,1,Z171/Z172/Z174,1,Z191,Z201,1
440,Z14,12,Z32,Z40,Z61,Z75,4,Z93,Z101,4,Z123,39,Z143,Z152,1,Z171/Z172/Z174,1,Z192,Z201,0
441,Z11,12,Z32,Z42,Z61,Z73,2,Z92,Z102,3,Z122,30,Z143,Z152,1,Z173,1,Z191,Z201,0
442,Z12,20,Z33/Z30/Z31,Z410,Z61,Z73,2,Z93,Z101,3,Z123,29,Z141,Z152,2,Z173,1,Z192,Z201,0
443,Z14,12,Z32,Z46,Z61,Z75,4,Z93,Z101,4,Z123,41,Z141,Z152,1,Z171/Z172/Z174,2,Z191,Z201,1
444,Z12,48,Z34,Z42,Z61,Z73,2,Z92,Z101,3,Z123,30,Z143,Z152,1,Z171/Z172/Z174,1,Z192,Z201,1
445,Z14,9,Z34,Z46,Z62/Z63/Z64/Z65,Z75,4,Z92,Z101,4,Z122,41,Z143,Z151/Z153,2,Z171/Z172/Z174,1,Z191,Z201,0
446,Z11,36,Z32,Z40,Z61,Z72,4,Z92,Z101,4,Z123,34,Z143,Z152,1,Z173,1,Z192,Z201,1
447,Z12,7,Z32,Z43,Z61,Z73,2,Z93,Z103,2,Z121,35,Z143,Z152,1,Z173,1,Z191,Z201,0
448,Z13,12,Z32,Z42,Z62/Z63/Z64/Z65,Z75,3,Z92,Z101,4,Z121,55,Z143,Z152,1,Z171/Z172/Z174,1,Z192,Z201,0
449,Z12,15,Z33/Z30/Z31,Z45,Z62/Z63/Z64/Z65,Z73,3,Z91/Z94,Z101,3,Z122,61,Z142,Z152,2,Z173,1,Z191,Z201,1
450,Z14,36,Z34,Z41,Z62/Z63/Z64/Z65,Z73,4,Z93,Z101,2,Z123,30,Z143,Z152,1,Z171/Z172/Z174,1,Z192,Z201,0
451,Z14,6,Z32,Z43,Z61,Z73,3,Z92,Z101,1,Z121,29,Z143,Z152,1,Z173,1,Z191,Z201,0
452,Z14,12,Z33/Z30/Z31,Z42,Z61,Z75,2,Z93,Z101,4,Z122,34,Z143,Z152,2,Z173,1,Z191,Z201,0
453,Z14,24,Z32,Z41,Z61,Z75,4,Z93,Z101,4,Z123,35,Z143,Z152,1,Z171/Z172/Z174,1,Z192,Z201,0
454,Z11,24,Z32,Z40,Z61,Z74,2,Z93,Z102,3,Z122,31,Z143,Z152,1,Z173,1,Z192,Z201,1
455,Z14,24,Z32,Z41,Z61,Z72,4,Z92,Z101,1,Z124,29,Z143,Z152,1,Z171/Z172/Z174,1,Z192,Z201,0
456,Z11,11,Z34,Z40,Z61,Z73,2,Z93,Z101,2,Z121,36,Z143,Z151/Z153,2,Z173,2,Z191,Z201,0
457,Z11,12,Z32,Z41,Z61,Z75,3,Z93,Z101,4,Z124,35,Z143,Z151/Z153,1,Z173,1,Z192,Z201,1
458,Z11,6,Z32,Z44,Z61,Z72,4,Z92,Z101,1,Z121,27,Z143,Z152,1,Z173,1,Z191,Z201,0
459,Z14,18,Z32,Z43,Z61,Z72,3,Z93,Z101,2,Z123,32,Z143,Z152,1,Z173,1,Z192,Z201,0
460,Z11,36,Z32,Z42,Z61,Z73,1,Z93,Z103,2,Z122,37,Z143,Z152,1,Z173,2,Z191,Z201,0
461,Z11,15,Z32,Z40,Z61,Z72,2,Z93,Z101,3,Z121,36,Z143,Z152,1,Z173,1,Z191,Z201,0
462,Z12,12,Z32,Z42,Z61,Z72,3,Z92,Z101,1,Z121,34,Z143,Z151/Z153,1,Z171/Z172/Z174,1,Z191,Z201,0
463,Z12,12,Z32,Z48,Z62/Z63/Z64/Z65,Z75,4,Z93,Z101,4,Z122,38,Z143,Z152,2,Z173,1,Z191,Z201,0
464,Z14,18,Z32,Z49,Z61,Z74,4,Z93,Z101,1,Z123,34,Z142,Z152,2,Z173,1,Z192,Z201,0
465,Z11,24,Z32,Z41,Z61,Z73,3,Z93,Z103,4,Z124,63,Z141,Z152,1,Z173,2,Z192,Z201,0
466,Z11,24,Z33/Z30/Z31,Z43,Z61,Z72,4,Z92,Z101,2,Z123,29,Z143,Z151/Z153,1,Z171/Z172/Z174,1,Z192,Z201,1
467,Z14,48,Z33/Z30/Z31,Z43,Z62/Z63/Z64/Z65,Z75,3,Z93,Z101,3,Z123,32,Z141,Z152,2,Z173,2,Z191,Z201,0
468,Z14,33,Z33/Z30/Z31,Z49,Z61,Z73,2,Z92,Z101,2,Z123,26,Z143,Z152,2,Z173,1,Z192,Z201,0
469,Z14,24,Z33/Z30/Z31,Z41,Z61,Z74,3,Z93,Z101,3,Z123,35,Z143,Z152,2,Z171/Z172/Z174,1,Z192,Z201,0
470,Z12,24,Z32,Z43,Z62/Z63/Z64/Z65,Z72,3,Z91/Z94,Z101,2,Z123,22,Z143,Z151/Z153,1,Z173,1,Z192,Z201,1
471,Z11,6,Z32,Z46,Z61,Z72,4,Z92,Z101,4,Z122,23,Z143,Z152,1,Z173,1,Z191,Z201,1
472,Z11,9,Z32,Z40,Z61,Z73,4,Z93,Z101,3,Z123,28,Z143,Z152,1,Z171/Z172/Z174,1,Z191,Z201,1
473,Z14,6,Z32,Z48,Z62/Z63/Z64/Z65,Z71,4,Z93,Z101,4,Z122,36,Z143,Z152,1,Z171/Z172/Z174,2,Z192,Z201,0
474,Z12,18,Z34,Z43,Z61,Z73,4,Z91/Z94,Z101,2,Z123,33,Z143,Z152,1,Z173,1,Z191,Z201,1
475,Z11,18,Z33/Z30/Z31,Z42,Z61,Z72,1,Z92,Z101,4,Z122,26,Z143,Z151/Z153,1,Z173,1,Z191,Z201,1
476,Z14,39,Z32,Z41,Z62/Z63/Z64/Z65,Z73,4,Z93,Z101,4,Z123,24,Z143,Z152,1,Z173,1,Z191,Z201,0
477,Z13,24,Z32,Z43,Z61,Z74,4,Z93,Z101,2,Z123,25,Z141,Z152,1,Z173,1,Z191,Z201,0
478,Z12,12,Z32,Z49,Z62/Z63/Z64/Z65,Z74,3,Z93,Z101,4,Z121,39,Z143,Z152,1,Z171/Z172/Z174,1,Z191,Z201,0
479,Z11,15,Z34,Z42,Z61,Z75,4,Z93,Z101,4,Z123,44,Z143,Z152,2,Z173,2,Z192,Z201,0
480,Z12,12,Z34,Z43,Z61,Z73,1,Z92,Z101,1,Z121,23,Z143,Z152,1,Z171/Z172/Z174,1,Z191,Z201,0
481,Z12,24,Z32,Z40,Z61,Z72,4,Z93,Z101,1,Z122,26,Z143,Z152,1,Z173,1,Z191,Z201,0
482,Z11,30,Z32,Z42,Z62/Z63/Z64/Z65,Z75,4,Z92,Z101,4,Z122,57,Z143,Z151/Z153,2,Z173,1,Z192,Z201,0
483,Z14,15,Z33/Z30/Z31,Z42,Z62/Z63/Z64/Z65,Z74,3,Z92,Z101,2,Z122,30,Z143,Z152,2,Z173,1,Z191,Z201,0
484,Z14,12,Z34,Z40,Z62/Z63/Z64/Z65,Z73,4,Z93,Z101,4,Z121,44,Z143,Z152,1,Z173,1,Z192,Z201,0
485,Z12,6,Z33/Z30/Z31,Z40,Z61,Z71,4,Z93,Z101,4,Z122,47,Z143,Z152,1,Z171/Z172/Z174,1,Z192,Z201,1
486,Z14,12,Z32,Z43,Z61,Z73,2,Z93,Z101,4,Z123,52,Z143,Z152,1,Z173,1,Z192,Z201,0
487,Z14,24,Z32,Z40,Z61,Z75,4,Z92,Z102,4,Z124,62,Z143,Z151/Z153,1,Z173,1,Z192,Z201,0
488,Z14,10,Z32,Z40,Z62/Z63/Z64/Z65,Z73,3,Z93,Z101,2,Z121,35,Z143,Z151/Z153,1,Z171/Z172/Z174,1,Z191,Z202,0
489,Z14,6,Z32,Z40,Z61,Z73,2,Z93,Z103,3,Z122,26,Z143,Z151/Z153,1,Z173,1,Z191,Z201,0
490,Z14,12,Z34,Z43,Z61,Z75,2,Z93,Z101,2,Z124,26,Z143,Z152,2,Z173,1,Z191,Z201,0
491,Z12,27,Z33/Z30/Z31,Z49,Z61,Z75,2,Z92,Z101,4,Z124,42,Z143,Z151/Z153,2,Z171/Z172/Z174,1,Z192,Z201,1
492,Z14,6,Z34,Z43,Z62/Z63/Z64/Z65,Z73,1,Z92,Z101,1,Z122,27,Z143,Z152,2,Z173,1,Z191,Z201,0
493,Z12,6,Z32,Z43,Z62/Z63/Z64/Z65,Z75,4,Z93,Z101,4,Z122,38,Z143,Z152,1,Z173,1,Z191,Z201,0
494,Z11,12,Z34,Z40,Z61,Z73,3,Z93,Z101,2,Z121,39,Z143,Z151/Z153,2,Z171/Z172/Z174,2,Z191,Z202,0
495,Z11,24,Z32,Z42,Z62/Z63/Z64/Z65,Z73,2,Z91/Z94,Z101,4,Z123,20,Z143,Z152,1,Z173,1,Z191,Z201,1
496,Z12,36,Z32,Z42,Z62/Z63/Z64/Z65,Z72,4,Z93,Z102,1,Z124,29,Z143,Z151/Z153,1,Z171/Z172/Z174,1,Z192,Z201,1
497,Z14,24,Z34,Z42,Z61,Z74,4,Z93,Z101,3,Z122,40,Z143,Z152,2,Z173,1,Z191,Z201,0
498,Z12,18,Z32,Z43,Z61,Z75,4,Z91/Z94,Z103,2,Z121,32,Z143,Z152,1,Z171/Z172/Z174,1,Z191,Z201,0
499,Z13,6,Z34,Z40,Z62/Z63/Z64/Z65,Z75,2,Z91/Z94,Z101,4,Z123,28,Z143,Z152,2,Z173,2,Z192,Z201,0
500,Z11,24,Z32,Z40,Z61,Z72,4,Z92,Z101,1,Z122,27,Z143,Z152,1,Z173,1,Z191,Z201,1
501,Z11,36,Z32,Z41,Z61,Z75,2,Z93,Z101,4,Z124,42,Z143,Z151/Z153,1,Z173,2,Z191,Z201,0
502,Z13,9,Z32,Z43,Z62/Z63/Z64/Z65,Z75,2,Z91/Z94,Z101,4,Z121,49,Z143,Z152,1,Z173,1,Z191,Z201,0
503,Z12,24,Z34,Z43,Z62/Z63/Z64/Z65,Z72,4,Z93,Z101,4,Z124,38,Z141,Z152,2,Z173,2,Z191,Z201,1
504,Z11,24,Z32,Z40,Z61,Z72,4,Z92,Z101,4,Z122,24,Z143,Z151/Z153,1,Z173,1,Z191,Z201,1
505,Z14,10,Z32,Z40,Z62/Z63/Z64/Z65,Z73,4,Z93,Z103,4,Z122,27,Z143,Z152,1,Z171/Z172/Z174,1,Z191,Z201,1
506,Z13,15,Z34,Z41,Z62/Z63/Z64/Z65,Z73,2,Z93,Z101,2,Z123,36,Z143,Z152,1,Z173,1,Z192,Z201,0
507,Z12,15,Z33/Z30/Z31,Z40,Z62/Z63/Z64/Z65,Z71,1,Z93,Z101,2,Z122,34,Z143,Z152,1,Z171/Z172/Z174,2,Z192,Z201,1
508,Z14,24,Z32,Z43,Z61,Z73,4,Z91/Z94,Z101,2,Z122,28,Z143,Z152,1,Z173,1,Z191,Z201,0
509,Z14,39,Z32,Z41,Z62/Z63/Z64/Z65,Z75,4,Z93,Z101,2,Z123,45,Z143,Z152,1,Z171/Z172/Z174,1,Z192,Z201,0
510,Z11,12,Z32,Z40,Z61,Z74,4,Z93,Z101,2,Z121,26,Z143,Z152,1,Z173,1,Z191,Z201,1
511,Z14,36,Z32,Z41,Z61,Z73,2,Z93,Z101,2,Z124,32,Z143,Z151/Z153,1,Z171/Z172/Z174,1,Z192,Z201,0
512,Z13,15,Z32,Z49,Z61,Z74,2,Z93,Z101,4,Z122,26,Z143,Z151/Z153,1,Z173,1,Z192,Z201,0
513,Z12,12,Z33/Z30/Z31,Z43,Z61,Z73,4,Z91/Z94,Z102,4,Z121,20,Z143,Z151/Z153,2,Z173,1,Z191,Z201,0
514,Z14,24,Z32,Z40,Z62/Z63/Z64/Z65,Z72,4,Z93,Z101,1,Z122,54,Z143,Z152,1,Z173,1,Z191,Z201,0
515,Z11,6,Z34,Z40,Z61,Z74,4,Z92,Z101,3,Z122,37,Z143,Z152,2,Z173,1,Z191,Z202,0
516,Z11,6,Z34,Z40,Z61,Z72,2,Z93,Z101,4,Z121,40,Z143,Z152,1,Z171/Z172/Z174,2,Z191,Z202,0
517,Z14,36,Z34,Z42,Z61,Z72,2,Z92,Z101,4,Z122,23,Z143,Z151/Z153,2,Z173,1,Z192,Z201,1
518,Z11,6,Z32,Z40,Z62/Z63/Z64/Z65,Z75,3,Z93,Z101,2,Z122,43,Z143,Z152,1,Z173,1,Z192,Z201,0
519,Z14,6,Z34,Z43,Z62/Z63/Z64/Z65,Z75,4,Z93,Z101,4,Z124,36,Z143,Z151/Z153,2,Z173,1,Z191,Z201,0
520,Z14,24,Z34,Z45,Z61,Z75,3,Z93,Z101,4,Z124,44,Z143,Z151/Z153,2,Z173,1,Z191,Z201,0
521,Z11,18,Z32,Z43,Z61,Z73,2,Z92,Z101,2,Z121,24,Z143,Z152,1,Z173,1,Z191,Z201,1
522,Z11,48,Z33/Z30/Z31,Z42,Z61,Z73,3,Z93,Z101,4,Z124,53,Z143,Z151/Z153,2,Z173,2,Z191,Z201,1
523,Z14,24,Z32,Z41,Z62/Z63/Z64/Z65,Z74,3,Z92,Z101,4,Z123,23,Z143,Z152,1,Z173,1,Z191,Z201,0
524,Z12,18,Z32,Z43,Z61,Z73,4,Z92,Z103,4,Z121,26,Z143,Z152,1,Z171/Z172/Z174,2,Z191,Z201,0
525,Z12,26,Z32,Z41,Z61,Z72,2,Z93,Z101,3,Z123,30,Z143,Z152,2,Z173,1,Z191,Z201,0
526,Z14,15,Z34,Z46,Z62/Z63/Z64/Z65,Z73,4,Z92,Z101,3,Z123,31,Z143,Z152,1,Z173,1,Z191,Z201,0
527,Z14,4,Z34,Z43,Z61,Z74,2,Z93,Z101,1,Z121,42,Z143,Z152,2,Z171/Z172/Z174,2,Z191,Z201,0
528,Z11,36,Z32,Z43,Z61,Z73,4,Z91/Z94,Z101,4,Z123,31,Z143,Z151/Z153,1,Z173,1,Z191,Z201,1
529,Z11,6,Z32,Z40,Z61,Z72,3,Z93,Z101,4,Z121,41,Z143,Z152,1,Z171/Z172/Z174,2,Z192,Z201,0
530,Z12,36,Z32,Z46,Z61,Z74,3,Z93,Z101,1,Z123,32,Z143,Z152,2,Z173,2,Z191,Z201,0
531,Z12,15,Z32,Z40,Z62/Z63/Z64/Z65,Z73,2,Z92,Z101,4,Z123,28,Z143,Z151/Z153,2,Z173,1,Z192,Z201,1
532,Z14,12,Z33/Z30/Z31,Z41,Z61,Z73,4,Z91/Z94,Z101,4,Z121,41,Z143,Z151/Z153,1,Z173,1,Z191,Z201,0
533,Z14,24,Z32,Z43,Z62/Z63/Z64/Z65,Z74,4,Z91/Z94,Z101,3,Z122,26,Z143,Z152,1,Z173,1,Z192,Z201,0
534,Z14,24,Z32,Z43,Z62/Z63/Z64/Z65,Z72,4,Z93,Z101,2,Z123,25,Z143,Z152,2,Z173,1,Z191,Z201,0
535,Z13,21,Z34,Z46,Z61,Z72,2,Z91/Z94,Z101,1,Z123,33,Z143,Z151/Z153,1,Z173,1,Z191,Z201,1
536,Z11,6,Z32,Z40,Z62/Z63/Z64/Z65,Z71,4,Z92,Z101,3,Z122,75,Z143,Z152,1,Z171/Z172/Z174,1,Z192,Z201,0
537,Z12,18,Z34,Z42,Z61,Z75,3,Z92,Z101,4,Z122,37,Z143,Z152,1,Z173,1,Z192,Z201,0
538,Z11,48,Z32,Z40,Z61,Z75,4,Z93,Z101,4,Z124,42,Z141,Z151/Z153,1,Z171/Z172/Z174,1,Z191,Z201,1
539,Z13,18,Z32,Z42,Z61,Z72,1,Z92,Z101,1,Z122,45,Z142,Z152,1,Z171/Z172/Z174,1,Z191,Z201,0
540,Z12,12,Z32,Z43,Z61,Z72,1,Z91/Z94,Z101,1,Z121,23,Z143,Z151/Z153,1,Z173,1,Z191,Z201,1
541,Z14,24,Z33/Z30/Z31,Z40,Z61,Z75,4,Z93,Z101,4,Z124,60,Z143,Z151/Z153,2,Z173,1,Z192,Z201,0
542,Z11,30,Z32,Z42,Z62/Z63/Z64/Z65,Z75,4,Z93,Z101,4,Z122,31,Z143,Z152,1,Z173,1,Z191,Z201,1
543,Z13,18,Z32,Z42,Z61,Z73,2,Z93,Z101,1,Z121,34,Z143,Z152,1,Z171/Z172/Z174,2,Z191,Z201,1
544,Z14,12,Z34,Z40,Z61,Z75,4,Z93,Z101,4,Z121,61,Z143,Z152,2,Z171/Z172/Z174,1,Z191,Z201,0
545,Z11,24,Z33/Z30/Z31,Z40,Z61,Z71,4,Z93,Z101,2,Z121,43,Z143,Z151/Z153,2,Z173,2,Z191,Z201,1
546,Z14,24,Z34,Z40,Z61,Z73,4,Z92,Z101,4,Z123,37,Z143,Z152,1,Z173,1,Z192,Z201,0
547,Z14,24,Z32,Z43,Z61,Z74,3,Z93,Z101,1,Z123,32,Z141,Z152,1,Z173,2,Z191,Z201,0
548,Z11,12,Z33/Z30/Z31,Z43,Z61,Z73,4,Z92,Z101,4,Z121,24,Z141,Z152,1,Z171/Z172/Z174,1,Z191,Z201,1
549,Z14,48,Z34,Z41,Z62/Z63/Z64/Z65,Z74,2,Z93,Z101,1,Z124,35,Z143,Z151/Z153,2,Z173,1,Z192,Z201,0
550,Z14,12,Z34,Z45,Z62/Z63/Z64/Z65,Z74,4,Z92,Z101,4,Z121,23,Z143,Z152,2,Z173,1,Z191,Z201,0
551,Z14,6,Z33/Z30/Z31,Z43,Z62/Z63/Z64/Z65,Z75,2,Z93,Z101,4,Z122,45,Z141,Z152,1,Z171/Z172/Z174,2,Z191,Z201,0
552,Z11,48,Z32,Z43,Z61,Z74,1,Z91/Z94,Z103,1,Z121,34,Z143,Z152,2,Z173,1,Z192,Z201,1
553,Z12,12,Z34,Z40,Z62/Z63/Z64/Z65,Z72,4,Z93,Z101,1,Z123,27,Z143,Z152,1,Z173,1,Z191,Z201,0
554,Z12,9,Z32,Z46,Z61,Z74,4,Z92,Z101,4,Z122,67,Z143,Z152,2,Z171/Z172/Z174,1,Z192,Z201,0
555,Z12,12,Z32,Z43,Z61,Z72,2,Z93,Z101,1,Z123,22,Z142,Z152,1,Z173,1,Z191,Z201,1
556,Z12,18,Z33/Z30/Z31,Z40,Z62/Z63/Z64/Z65,Z72,3,Z92,Z101,3,Z123,28,Z143,Z152,2,Z173,1,Z191,Z201,1
557,Z14,21,Z33/Z30/Z31,Z40,Z62/Z63/Z64/Z65,Z73,1,Z92,Z101,4,Z122,29,Z141,Z152,2,Z173,1,Z192,Z201,1
558,Z11,24,Z33/Z30/Z31,Z42,Z61,Z74,3,Z93,Z101,4,Z123,27,Z141,Z152,1,Z173,1,Z191,Z201,1
559,Z12,18,Z34,Z42,Z61,Z72,2,Z93,Z101,2,Z121,31,Z143,Z152,2,Z171/Z172/Z174,1,Z191,Z201,1
560,Z11,24,Z32,Z41,Z62/Z63/Z64/Z65,Z75,4,Z93,Z101,4,Z124,49,Z141,Z151/Z153,1,Z173,2,Z192,Z201,0
561,Z11,24,Z33/Z30/Z31,Z43,Z61,Z74,4,Z93,Z103,4,Z123,24,Z141,Z151/Z153,1,Z171/Z172/Z174,1,Z191,Z201,1
562,Z13,6,Z33/Z30/Z31,Z43,Z61,Z72,2,Z92,Z101,1,Z122,29,Z141,Z152,1,Z173,1,Z191,Z201,0
563,Z12,36,Z32,Z40,Z62/Z63/Z64/Z65,Z73,1,Z93,Z101,4,Z124,37,Z143,Z151/Z153,1,Z173,1,Z192,Z201,1
564,Z12,24,Z33/Z30/Z31,Z49,Z62/Z63/Z64/Z65,Z73,4,Z93,Z101,2,Z122,37,Z141,Z152,2,Z171/Z172/Z174,1,Z192,Z201,0
565,Z12,24,Z33/Z30/Z31,Z43,Z62/Z63/Z64/Z65,Z74,3,Z92,Z101,2,Z122,23,Z143,Z151/Z153,2,Z173,1,Z192,Z201,0
566,Z11,12,Z32,Z40,Z61,Z74,2,Z91/Z94,Z101,3,Z123,36,Z143,Z152,1,Z173,1,Z191,Z201,1
567,Z14,24,Z34,Z43,Z62/Z63/Z64/Z65,Z75,2,Z93,Z101,2,Z123,34,Z143,Z152,1,Z173,1,Z191,Z201,0
568,Z12,48,Z32,Z43,Z62/Z63/Z64/Z65,Z74,4,Z93,Z101,1,Z123,41,Z143,Z152,2,Z173,2,Z192,Z201,0
569,Z11,48,Z32,Z43,Z61,Z73,3,Z92,Z101,2,Z123,31,Z143,Z152,1,Z173,1,Z192,Z201,1
570,Z11,24,Z32,Z42,Z61,Z72,4,Z92,Z101,4,Z121,23,Z143,Z151/Z153,1,Z171/Z172/Z174,1,Z192,Z201,1
571,Z14,30,Z34,Z43,Z61,Z74,3,Z93,Z102,2,Z123,38,Z143,Z152,1,Z173,1,Z191,Z201,0
572,Z14,24,Z32,Z41,Z62/Z63/Z64/Z65,Z71,2,Z92,Z101,4,Z122,26,Z143,Z151/Z153,1,Z171/Z172/Z174,1,Z192,Z201,0
573,Z11,15,Z32,Z49,Z61,Z73,4,Z92,Z101,4,Z122,22,Z143,Z152,1,Z171/Z172/Z174,1,Z191,Z201,0
574,Z12,9,Z32,Z43,Z61,Z75,4,Z93,Z101,4,Z123,27,Z143,Z152,2,Z171/Z172/Z174,1,Z191,Z201,0
575,Z14,15,Z34,Z42,Z61,Z74,2,Z92,Z102,3,Z123,24,Z141,Z152,2,Z173,1,Z191,Z201,0
576,Z12,12,Z32,Z43,Z61,Z74,2,Z92,Z101,1,Z121,27,Z143,Z152,1,Z173,1,Z191,Z201,0
577,Z14,24,Z34,Z46,Z62/Z63/Z64/Z65,Z73,3,Z92,Z101,2,Z123,33,Z143,Z152,2,Z173,1,Z192,Z201,0
578,Z12,36,Z34,Z40,Z61,Z72,4,Z91/Z94,Z101,4,Z123,27,Z143,Z152,2,Z173,1,Z191,Z201,1
579,Z14,24,Z32,Z48,Z61,Z72,4,Z91/Z94,Z101,3,Z123,27,Z143,Z152,2,Z171/Z172/Z174,1,Z191,Z201,0
580,Z12,18,Z34,Z40,Z61,Z75,3,Z93,Z103,3,Z121,30,Z141,Z152,2,Z173,1,Z191,Z201,1
581,Z12,12,Z34,Z40,Z61,Z72,1,Z93,Z101,3,Z121,49,Z141,Z152,2,Z171/Z172/Z174,2,Z191,Z201,0
582,Z14,9,Z32,Z42,Z61,Z73,4,Z92,Z101,2,Z121,26,Z143,Z151/Z153,1,Z173,1,Z191,Z201,0
583,Z12,36,Z32,Z45,Z61,Z72,4,Z93,Z101,1,Z124,33,Z143,Z151/Z153,1,Z171/Z172/Z174,1,Z191,Z201,1
584,Z14,12,Z32,Z40,Z62/Z63/Z64/Z65,Z75,4,Z92,Z101,4,Z124,52,Z143,Z151/Z153,1,Z171/Z172/Z174,1,Z192,Z201,0
585,Z11,18,Z32,Z42,Z61,Z73,1,Z92,Z101,4,Z121,20,Z141,Z151/Z153,1,Z173,1,Z191,Z201,1
586,Z11,9,Z34,Z40,Z61,Z73,2,Z93,Z101,2,Z121,36,Z143,Z151/Z153,2,Z173,2,Z191,Z201,0
587,Z11,12,Z32,Z42,Z61,Z73,4,Z93,Z103,1,Z122,21,Z143,Z152,1,Z171/Z172/Z174,1,Z191,Z201,0
588,Z11,18,Z32,Z44,Z61,Z73,4,Z91/Z94,Z101,3,Z121,47,Z143,Z152,1,Z171/Z172/Z174,1,Z192,Z201,1
589,Z11,12,Z34,Z42,Z61,Z75,3,Z93,Z101,3,Z122,60,Z143,Z152,2,Z173,1,Z191,Z201,1
590,Z11,12,Z34,Z43,Z61,Z74,4,Z92,Z101,3,Z121,58,Z143,Z152,4,Z171/Z172/Z174,1,Z192,Z201,0
591,Z12,24,Z33/Z30/Z31,Z40,Z62/Z63/Z64/Z65,Z73,4,Z92,Z101,4,Z123,42,Z143,Z151/Z153,2,Z173,1,Z192,Z201,0
592,Z14,21,Z32,Z49,Z62/Z63/Z64/Z65,Z75,4,Z92,Z101,4,Z121,36,Z141,Z152,1,Z171/Z172/Z174,1,Z191,Z201,0
593,Z12,24,Z32,Z40,Z61,Z73,3,Z92,Z101,4,Z122,20,Z143,Z151/Z153,1,Z171/Z172/Z174,1,Z192,Z201,1
594,Z11,24,Z33/Z30/Z31,Z410,Z62/Z63/Z64/Z65,Z75,4,Z93,Z101,3,Z123,40,Z142,Z152,1,Z171/Z172/Z174,1,Z192,Z201,1
595,Z12,6,Z33/Z30/Z31,Z40,Z62/Z63/Z64/Z65,Z72,1,Z92,Z101,1,Z122,32,Z142,Z152,1,Z171/Z172/Z174,1,Z191,Z201,1
596,Z11,24,Z32,Z40,Z61,Z74,4,Z92,Z101,4,Z123,23,Z143,Z151/Z153,2,Z173,1,Z191,Z201,1
597,Z12,24,Z33/Z30/Z31,Z49,Z61,Z73,1,Z93,Z101,4,Z121,36,Z143,Z152,3,Z171/Z172/Z174,1,Z192,Z201,1
598,Z14,18,Z34,Z40,Z61,Z74,2,Z93,Z101,2,Z122,31,Z141,Z152,2,Z173,1,Z191,Z201,1
599,Z14,24,Z33/Z30/Z31,Z49,Z61,Z73,1,Z93,Z101,2,Z124,32,Z143,Z151/Z153,1,Z173,1,Z191,Z201,0
600,Z12,7,Z32,Z43,Z61,Z72,1,Z92,Z103,1,Z121,45,Z143,Z152,1,Z173,1,Z191,Z201,0
601,Z12,9,Z32,Z42,Z61,Z73,4,Z92,Z101,1,Z122,30,Z143,Z152,1,Z173,1,Z191,Z201,1
602,Z12,24,Z33/Z30/Z31,Z46,Z61,Z74,4,Z92,Z101,4,Z124,34,Z141,Z151/Z153,1,Z171/Z172/Z174,1,Z191,Z201,1
603,Z14,36,Z32,Z42,Z61,Z73,4,Z92,Z101,2,Z123,28,Z143,Z152,1,Z171/Z172/Z174,1,Z192,Z201,1
604,Z13,10,Z32,Z42,Z61,Z72,4,Z92,Z101,2,Z122,23,Z143,Z152,1,Z173,1,Z191,Z201,0
605,Z11,24,Z33/Z30/Z31,Z42,Z62/Z63/Z64/Z65,Z73,4,Z93,Z101,4,Z121,22,Z142,Z152,1,Z173,1,Z192,Z201,0
606,Z14,24,Z34,Z49,Z61,Z73,3,Z93,Z101,2,Z121,74,Z143,Z152,1,Z171/Z172/Z174,1,Z192,Z201,0
607,Z12,36,Z32,Z43,Z62/Z63/Z64/Z65,Z73,4,Z92,Z102,4,Z124,50,Z143,Z151/Z153,1,Z173,1,Z191,Z201,1
608,Z14,18,Z32,Z43,Z61,Z72,4,Z93,Z101,1,Z121,33,Z143,Z152,1,Z173,1,Z191,Z201,0
609,Z14,15,Z32,Z41,Z62/Z63/Z64/Z65,Z75,4,Z93,Z101,4,Z124,45,Z141,Z151/Z153,1,Z173,2,Z191,Z201,0
610,Z11,12,Z32,Z44,Z62/Z63/Z64/Z65,Z71,4,Z92,Z101,3,Z122,22,Z143,Z152,1,Z173,1,Z191,Z201,1
611,Z13,10,Z32,Z40,Z62/Z63/Z64/Z65,Z75,1,Z92,Z101,4,Z124,48,Z143,Z151/Z153,1,Z171/Z172/Z174,2,Z191,Z201,1
612,Z11,21,Z32,Z43,Z62/Z63/Z64/Z65,Z72,4,Z92,Z101,2,Z123,29,Z141,Z152,1,Z173,1,Z191,Z201,0
613,Z11,24,Z33/Z30/Z31,Z41,Z61,Z73,1,Z92,Z103,4,Z123,22,Z141,Z151/Z153,1,Z173,1,Z191,Z202,0
614,Z14,18,Z33/Z30/Z31,Z42,Z61,Z74,4,Z92,Z101,1,Z121,22,Z143,Z152,1,Z173,1,Z191,Z201,1
615,Z12,48,Z33/Z30/Z31,Z49,Z62/Z63/Z64/Z65,Z73,2,Z93,Z101,2,Z123,48,Z141,Z152,1,Z171/Z172/Z174,1,Z192,Z201,0
616,Z12,60,Z33/Z30/Z31,Z43,Z62/Z63/Z64/Z65,Z73,2,Z93,Z101,2,Z124,27,Z143,Z151/Z153,1,Z171/Z172/Z174,1,Z191,Z201,0
617,Z11,6,Z34,Z40,Z61,Z73,1,Z93,Z101,3,Z121,37,Z143,Z151/Z153,3,Z173,2,Z191,Z201,0
618,Z12,30,Z32,Z42,Z62/Z63/Z64/Z65,Z73,2,Z92,Z102,4,Z123,21,Z143,Z151/Z153,1,Z173,1,Z191,Z201,1
619,Z14,12,Z32,Z40,Z61,Z73,4,Z91/Z94,Z101,2,Z121,49,Z143,Z152,1,Z171/Z172/Z174,1,Z191,Z201,0
620,Z12,21,Z34,Z49,Z61,Z74,2,Z93,Z101,3,Z122,27,Z143,Z152,2,Z173,1,Z191,Z201,0
621,Z14,18,Z34,Z40,Z61,Z73,3,Z93,Z101,2,Z122,32,Z141,Z152,2,Z173,1,Z191,Z201,1
622,Z14,48,Z32,Z49,Z62/Z63/Z64/Z65,Z73,4,Z91/Z94,Z101,2,Z121,38,Z141,Z152,1,Z173,1,Z191,Z201,1
623,Z11,12,Z32,Z42,Z61,Z72,4,Z92,Z101,1,Z123,22,Z143,Z151/Z153,1,Z173,1,Z191,Z201,0
624,Z11,18,Z32,Z43,Z61,Z73,4,Z93,Z101,4,Z124,65,Z143,Z151/Z153,2,Z173,1,Z191,Z201,1
625,Z14,15,Z32,Z43,Z62/Z63/Z64/Z65,Z75,4,Z93,Z101,2,Z123,35,Z143,Z152,1,Z173,1,Z191,Z201,0
626,Z13,6,Z32,Z42,Z61,Z73,2,Z93,Z101,2,Z121,41,Z143,Z152,1,Z173,1,Z192,Z201,0
627,Z12,9,Z33/Z30/Z31,Z40,Z62/Z63/Z64/Z65,Z74,2,Z93,Z101,3,Z124,29,Z143,Z152,1,Z173,1,Z191,Z201,1
628,Z14,42,Z34,Z42,Z62/Z63/Z64/Z65,Z73,4,Z93,Z101,4,Z121,36,Z143,Z152,2,Z173,1,Z192,Z201,0
629,Z14,9,Z32,Z46,Z62/Z63/Z64/Z65,Z75,1,Z93,Z101,4,Z121,64,Z143,Z152,1,Z171/Z172/Z174,1,Z191,Z201,0
630,Z11,24,Z32,Z43,Z61,Z73,2,Z92,Z101,4,Z123,28,Z143,Z152,1,Z173,1,Z191,Z201,0
631,Z11,18,Z33/Z30/Z31,Z42,Z61,Z73,4,Z93,Z101,3,Z123,44,Z141,Z152,1,Z173,1,Z191,Z201,1
632,Z12,15,Z32,Z43,Z62/Z63/Z64/Z65,Z72,4,Z93,Z101,1,Z122,23,Z143,Z152,1,Z173,1,Z191,Z201,0
633,Z14,9,Z32,Z42,Z61,Z72,2,Z92,Z102,2,Z123,19,Z143,Z151/Z153,2,Z173,1,Z191,Z201,1
634,Z12,24,Z32,Z40,Z61,Z72,3,Z92,Z101,4,Z123,25,Z143,Z152,1,Z171/Z172/Z174,1,Z192,Z201,1
635,Z14,12,Z32,Z46,Z61,Z75,4,Z93,Z101,4,Z122,47,Z141,Z152,3,Z173,2,Z192,Z201,0
636,Z14,24,Z32,Z43,Z62/Z63/Z64/Z65,Z74,4,Z92,Z101,1,Z123,28,Z143,Z152,1,Z173,1,Z191,Z201,0
637,Z14,60,Z33/Z30/Z31,Z43,Z61,Z74,2,Z93,Z101,4,Z123,21,Z143,Z152,2,Z173,1,Z192,Z201,0
638,Z14,12,Z32,Z43,Z61,Z72,4,Z92,Z101,3,Z123,34,Z143,Z152,1,Z173,2,Z191,Z201,0
639,Z11,42,Z33/Z30/Z31,Z43,Z61,Z74,3,Z93,Z101,2,Z122,26,Z141,Z152,2,Z173,2,Z192,Z201,1
640,Z11,18,Z32,Z46,Z61,Z71,4,Z92,Z101,1,Z121,27,Z143,Z152,1,Z171/Z172/Z174,1,Z191,Z201,1
641,Z12,15,Z32,Z45,Z61,Z75,4,Z93,Z101,4,Z123,38,Z143,Z152,2,Z171/Z172/Z174,1,Z191,Z201,0
642,Z14,15,Z32,Z46,Z62/Z63/Z64/Z65,Z73,3,Z93,Z101,2,Z122,40,Z143,Z152,1,Z171/Z172/Z174,1,Z192,Z201,1
643,Z14,24,Z34,Z43,Z61,Z74,4,Z91/Z94,Z103,2,Z123,33,Z143,Z152,2,Z173,1,Z192,Z201,0
644,Z11,18,Z34,Z43,Z61,Z74,4,Z91/Z94,Z101,1,Z122,32,Z143,Z152,2,Z171/Z172/Z174,1,Z192,Z201,0
645,Z14,36,Z33/Z30/Z31,Z49,Z62/Z63/Z64/Z65,Z72,4,Z93,Z101,4,Z123,27,Z143,Z151/Z153,2,Z173,1,Z192,Z201,1
646,Z11,30,Z33/Z30/Z31,Z42,Z61,Z73,2,Z91/Z94,Z103,2,Z121,32,Z143,Z152,2,Z173,1,Z191,Z201,0
647,Z14,12,Z32,Z40,Z62/Z63/Z64/Z65,Z73,2,Z92,Z101,2,Z122,26,Z143,Z152,1,Z173,1,Z191,Z201,1
648,Z13,24,Z32,Z40,Z61,Z74,4,Z93,Z101,3,Z124,38,Z141,Z151/Z153,1,Z173,2,Z191,Z201,1
649,Z11,12,Z32,Z46,Z61,Z73,4,Z93,Z101,4,Z123,40,Z143,Z151/Z153,1,Z171/Z172/Z174,2,Z191,Z201,1
650,Z11,48,Z32,Z46,Z61,Z74,4,Z93,Z101,1,Z124,50,Z143,Z151/Z153,1,Z171/Z172/Z174,1,Z192,Z201,0
651,Z12,12,Z32,Z42,Z61,Z73,4,Z93,Z101,2,Z122,37,Z143,Z152,1,Z171/Z172/Z174,1,Z191,Z201,1
652,Z11,24,Z32,Z40,Z61,Z75,4,Z93,Z102,1,Z121,45,Z143,Z152,1,Z173,1,Z191,Z201,1
653,Z12,36,Z33/Z30/Z31,Z40,Z62/Z63/Z64/Z65,Z75,2,Z93,Z101,4,Z123,42,Z143,Z152,4,Z171/Z172/Z174,1,Z192,Z201,1
654,Z14,24,Z34,Z41,Z61,Z74,4,Z93,Z101,3,Z123,35,Z143,Z152,2,Z173,1,Z192,Z201,0
655,Z11,14,Z32,Z40,Z61,Z71,1,Z93,Z101,4,Z124,22,Z143,Z151/Z153,1,Z173,1,Z191,Z201,0
656,Z12,12,Z32,Z40,Z61,Z75,4,Z93,Z101,4,Z123,41,Z141,Z152,1,Z171/Z172/Z174,2,Z191,Z201,1
657,Z14,48,Z32,Z43,Z62/Z63/Z64/Z65,Z74,4,Z93,Z101,3,Z123,37,Z142,Z152,1,Z173,1,Z192,Z201,0
658,Z12,30,Z33/Z30/Z31,Z49,Z61,Z73,2,Z92,Z101,1,Z123,28,Z143,Z152,2,Z173,1,Z191,Z201,0
659,Z12,18,Z34,Z42,Z61,Z75,2,Z93,Z101,1,Z124,41,Z143,Z152,1,Z173,1,Z192,Z201,0
660,Z13,12,Z32,Z43,Z61,Z73,3,Z91/Z94,Z101,4,Z121,23,Z143,Z151/Z153,1,Z173,1,Z191,Z201,0
661,Z11,12,Z32,Z40,Z62/Z63/Z64/Z65,Z73,4,Z91/Z94,Z101,2,Z123,23,Z143,Z152,1,Z173,1,Z191,Z201,1
662,Z14,21,Z32,Z42,Z61,Z75,4,Z93,Z101,2,Z121,50,Z143,Z152,2,Z173,1,Z191,Z201,0
663,Z12,6,Z33/Z30/Z31,Z42,Z61,Z71,4,Z93,Z101,1,Z122,35,Z142,Z152,2,Z171/Z172/Z174,1,Z192,Z201,0
664,Z13,6,Z34,Z46,Z61,Z73,2,Z92,Z101,4,Z122,50,Z143,Z152,1,Z171/Z172/Z174,1,Z191,Z201,0
665,Z14,24,Z34,Z410,Z61,Z71,4,Z93,Z102,2,Z124,27,Z141,Z152,2,Z171/Z172/Z174,1,Z192,Z201,0
666,Z12,30,Z33/Z30/Z31,Z42,Z62/Z63/Z64/Z65,Z73,4,Z93,Z101,2,Z123,34,Z142,Z152,1,Z173,2,Z192,Z201,0
667,Z14,48,Z33/Z30/Z31,Z49,Z61,Z73,1,Z92,Z101,1,Z121,27,Z142,Z152,1,Z173,1,Z191,Z201,0
668,Z11,12,Z34,Z40,Z61,Z75,3,Z93,Z102,4,Z122,43,Z143,Z151/Z153,2,Z173,1,Z192,Z201,1
669,Z13,30,Z34,Z43,Z61,Z75,4,Z93,Z101,4,Z122,47,Z143,Z152,1,Z173,1,Z191,Z201,0
670,Z14,24,Z34,Z49,Z62/Z63/Z64/Z65,Z73,3,Z93,Z101,3,Z122,27,Z143,Z152,2,Z171/Z172/Z174,1,Z192,Z201,0
671,Z14,36,Z32,Z49,Z62/Z63/Z64/Z65,Z74,2,Z93,Z101,2,Z123,31,Z143,Z152,2,Z173,1,Z192,Z201,0
672,Z14,60,Z32,Z40,Z61,Z75,2,Z93,Z101,4,Z122,42,Z143,Z152,1,Z171/Z172/Z174,1,Z192,Z201,0
673,Z14,6,Z34,Z40,Z62/Z63/Z64/Z65,Z73,1,Z91/Z94,Z101,2,Z123,24,Z143,Z152,1,Z173,1,Z191,Z201,0
674,Z14,21,Z33/Z30/Z31,Z49,Z62/Z63/Z64/Z65,Z72,4,Z93,Z101,2,Z121,41,Z141,Z152,1,Z171/Z172/Z174,2,Z191,Z201,1
675,Z14,30,Z34,Z43,Z61,Z74,4,Z92,Z101,4,Z123,26,Z143,Z151/Z153,1,Z171/Z172/Z174,1,Z192,Z201,0
676,Z14,24,Z34,Z42,Z61,Z75,4,Z93,Z101,4,Z123,33,Z143,Z152,1,Z173,1,Z192,Z201,0
677,Z12,72,Z32,Z43,Z62/Z63/Z64/Z65,Z73,2,Z91/Z94,Z101,2,Z123,24,Z143,Z152,1,Z173,1,Z191,Z201,1
678,Z11,24,Z32,Z43,Z61,Z75,4,Z93,Z101,4,Z121,64,Z141,Z151/Z153,1,Z171/Z172/Z174,1,Z191,Z201,0
679,Z14,18,Z32,Z43,Z61,Z72,3,Z92,Z101,1,Z121,26,Z143,Z152,1,Z173,1,Z191,Z201,0
680,Z14,6,Z32,Z46,Z61,Z72,1,Z92,Z101,2,Z124,56,Z143,Z152,1,Z173,1,Z191,Z201,0
681,Z14,12,Z32,Z43,Z62/Z63/Z64/Z65,Z73,4,Z93,Z101,4,Z124,37,Z143,Z151/Z153,1,Z173,1,Z192,Z201,0
682,Z14,15,Z33/Z30/Z31,Z43,Z61,Z73,4,Z91/Z94,Z101,3,Z121,33,Z141,Z152,2,Z173,1,Z191,Z201,0
683,Z14,24,Z34,Z43,Z61,Z72,3,Z91/Z94,Z101,3,Z124,47,Z143,Z151/Z153,3,Z173,1,Z192,Z201,0
684,Z12,36,Z33/Z30/Z31,Z49,Z62/Z63/Z64/Z65,Z74,1,Z93,Z101,3,Z122,31,Z143,Z152,2,Z171/Z172/Z174,2,Z192,Z201,0
685,Z14,60,Z32,Z40,Z62/Z63/Z64/Z65,Z73,4,Z93,Z101,4,Z124,34,Z143,Z151/Z153,1,Z173,2,Z192,Z201,0
686,Z13,10,Z34,Z43,Z62/Z63/Z64/Z65,Z74,4,Z93,Z101,2,Z122,27,Z143,Z152,2,Z173,1,Z192,Z201,0
687,Z12,36,Z33/Z30/Z31,Z40,Z62/Z63/Z64/Z65,Z75,4,Z93,Z101,3,Z124,30,Z143,Z151/Z153,1,Z173,1,Z191,Z201,0
688,Z14,9,Z32,Z43,Z62/Z63/Z64/Z65,Z75,3,Z93,Z102,4,Z123,35,Z143,Z152,1,Z173,1,Z192,Z201,0
689,Z11,12,Z32,Z40,Z62/Z63/Z64/Z65,Z73,1,Z93,Z101,3,Z122,31,Z143,Z152,1,Z173,2,Z191,Z201,0
690,Z11,15,Z34,Z42,Z61,Z73,2,Z91/Z94,Z101,3,Z122,25,Z143,Z152,2,Z173,1,Z191,Z201,0
691,Z12,15,Z32,Z45,Z62/Z63/Z64/Z65,Z73,3,Z92,Z101,2,Z121,25,Z143,Z152,1,Z171/Z172/Z174,1,Z191,Z201,0
692,Z12,24,Z32,Z43,Z62/Z63/Z64/Z65,Z72,2,Z93,Z101,1,Z123,29,Z143,Z152,1,Z173,1,Z191,Z201,0
693,Z11,6,Z34,Z40,Z62/Z63/Z64/Z65,Z72,1,Z93,Z101,3,Z121,44,Z143,Z152,2,Z171/Z172/Z174,2,Z191,Z201,0
694,Z14,24,Z32,Z43,Z61,Z74,4,Z93,Z101,2,Z123,28,Z143,Z152,1,Z173,1,Z192,Z201,0
695,Z14,6,Z32,Z41,Z62/Z63/Z64/Z65,Z73,2,Z93,Z101,4,Z122,50,Z143,Z151/Z153,1,Z173,1,Z191,Z201,0
696,Z12,12,Z32,Z43,Z61,Z74,4,Z93,Z103,3,Z121,29,Z143,Z152,2,Z173,1,Z191,Z202,0
697,Z14,12,Z34,Z40,Z61,Z71,1,Z92,Z101,2,Z122,38,Z143,Z152,1,Z171/Z172/Z174,1,Z191,Z201,0
698,Z14,18,Z34,Z43,Z61,Z73,4,Z93,Z101,2,Z123,24,Z143,Z152,2,Z173,1,Z191,Z201,0
699,Z13,15,Z32,Z46,Z61,Z75,4,Z93,Z101,4,Z123,40,Z143,Z151/Z153,1,Z171/Z172/Z174,1,Z192,Z201,0
700,Z14,12,Z32,Z42,Z62/Z63/Z64/Z65,Z73,4,Z92,Z101,4,Z123,29,Z143,Z151/Z153,1,Z171/Z172/Z174,1,Z191,Z201,1
701,Z11,48,Z34,Z41,Z61,Z75,4,Z93,Z101,4,Z124,46,Z143,Z151/Z153,2,Z173,1,Z192,Z201,1
702,Z13,24,Z32,Z43,Z62/Z63/Z64/Z65,Z75,4,Z92,Z101,2,Z124,47,Z143,Z151/Z153,1,Z173,1,Z192,Z201,0
703,Z12,30,Z33/Z30/Z31,Z49,Z62/Z63/Z64/Z65,Z75,4,Z93,Z101,2,Z122,41,Z142,Z152,2,Z173,1,Z191,Z201,0
704,Z12,27,Z32,Z49,Z61,Z72,4,Z92,Z101,1,Z122,32,Z143,Z152,1,Z173,2,Z192,Z201,0
705,Z14,15,Z32,Z40,Z62/Z63/Z64/Z65,Z75,1,Z92,Z101,4,Z124,35,Z143,Z151/Z153,1,Z173,1,Z191,Z201,0
706,Z12,48,Z32,Z40,Z62/Z63/Z64/Z65,Z74,3,Z93,Z101,2,Z122,24,Z143,Z152,1,Z173,1,Z191,Z201,1
707,Z12,12,Z33/Z30/Z31,Z42,Z61,Z72,4,Z92,Z101,3,Z122,25,Z143,Z151/Z153,2,Z173,1,Z191,Z201,1
708,Z12,9,Z32,Z43,Z61,Z75,4,Z92,Z101,4,Z121,25,Z143,Z152,1,Z173,1,Z191,Z201,0
709,Z12,9,Z32,Z43,Z61,Z73,2,Z93,Z101,2,Z121,37,Z143,Z152,1,Z171/Z172/Z174,2,Z191,Z201,0
710,Z14,18,Z34,Z43,Z62/Z63/Z64/Z65,Z75,4,Z93,Z101,3,Z122,32,Z141,Z152,2,Z171/Z172/Z174,1,Z192,Z201,0
711,Z11,6,Z33/Z30/Z31,Z46,Z61,Z75,4,Z92,Z101,4,Z124,35,Z143,Z151/Z153,1,Z173,1,Z191,Z201,1
712,Z14,21,Z32,Z41,Z62/Z63/Z64/Z65,Z75,4,Z93,Z101,4,Z121,46,Z143,Z152,1,Z171/Z172/Z174,1,Z192,Z201,0
713,Z11,9,Z34,Z43,Z61,Z73,4,Z93,Z101,4,Z121,25,Z143,Z152,2,Z171/Z172/Z174,1,Z191,Z201,0
714,Z12,60,Z32,Z40,Z61,Z74,4,Z93,Z101,2,Z124,27,Z143,Z152,1,Z171/Z172/Z174,1,Z192,Z201,1
715,Z14,30,Z34,Z41,Z62/Z63/Z64/Z65,Z75,1,Z93,Z101,4,Z123,63,Z143,Z152,2,Z173,1,Z191,Z201,0
716,Z14,30,Z34,Z43,Z62/Z63/Z64/Z65,Z75,3,Z93,Z101,2,Z123,40,Z143,Z152,2,Z173,2,Z192,Z201,0
717,Z14,18,Z32,Z43,Z61,Z73,4,Z93,Z101,2,Z124,32,Z143,Z151/Z153,1,Z171/Z172/Z174,1,Z192,Z201,0
718,Z13,24,Z34,Z43,Z62/Z63/Z64/Z65,Z73,3,Z93,Z101,2,Z123,31,Z143,Z152,2,Z173,1,Z192,Z201,0
719,Z12,20,Z33/Z30/Z31,Z41,Z62/Z63/Z64/Z65,Z75,3,Z91/Z94,Z101,4,Z123,31,Z141,Z152,2,Z173,1,Z192,Z201,0
720,Z13,9,Z33/Z30/Z31,Z43,Z61,Z72,4,Z93,Z101,2,Z123,34,Z143,Z152,2,Z171/Z172/Z174,1,Z192,Z201,1
721,Z12,6,Z33/Z30/Z31,Z46,Z62/Z63/Z64/Z65,Z72,4,Z92,Z101,2,Z122,24,Z141,Z151/Z153,1,Z173,2,Z191,Z201,1
722,Z11,12,Z32,Z40,Z61,Z73,4,Z92,Z101,2,Z121,24,Z143,Z152,1,Z171/Z172/Z174,1,Z191,Z201,1
723,Z12,9,Z32,Z43,Z62/Z63/Z64/Z65,Z73,4,Z92,Z101,3,Z121,66,Z143,Z152,1,Z171/Z172/Z174,1,Z191,Z201,0
724,Z14,27,Z32,Z40,Z61,Z73,3,Z92,Z101,3,Z121,21,Z143,Z151/Z153,1,Z173,1,Z191,Z201,1
725,Z14,6,Z34,Z40,Z62/Z63/Z64/Z65,Z73,2,Z92,Z101,2,Z121,41,Z141,Z152,2,Z171/Z172/Z174,1,Z191,Z201,0
726,Z14,15,Z34,Z43,Z62/Z63/Z64/Z65,Z73,2,Z91/Z94,Z101,2,Z122,47,Z143,Z152,2,Z171/Z172/Z174,1,Z191,Z201,0
727,Z11,18,Z32,Z43,Z61,Z73,4,Z92,Z101,4,Z123,25,Z141,Z151/Z153,2,Z173,1,Z191,Z201,1
728,Z12,48,Z33/Z30/Z31,Z49,Z61,Z75,4,Z92,Z101,3,Z124,59,Z143,Z151/Z153,1,Z173,1,Z191,Z201,1
729,Z13,24,Z34,Z49,Z62/Z63/Z64/Z65,Z73,2,Z91/Z94,Z101,4,Z121,36,Z143,Z152,2,Z173,1,Z192,Z201,0
730,Z12,24,Z33/Z30/Z31,Z43,Z61,Z72,1,Z93,Z101,2,Z123,33,Z143,Z152,1,Z173,1,Z191,Z201,0
731,Z11,24,Z32,Z43,Z61,Z73,2,Z93,Z101,4,Z121,21,Z143,Z151/Z153,1,Z171/Z172/Z174,2,Z191,Z201,1
732,Z12,8,Z32,Z43,Z61,Z74,4,Z92,Z103,2,Z121,44,Z143,Z152,1,Z171/Z172/Z174,1,Z191,Z201,0
733,Z14,24,Z32,Z41,Z62/Z63/Z64/Z65,Z73,2,Z92,Z101,4,Z123,28,Z143,Z151/Z153,1,Z173,1,Z192,Z201,0
734,Z14,4,Z34,Z40,Z61,Z74,1,Z92,Z101,1,Z121,37,Z143,Z152,1,Z173,2,Z191,Z201,0
735,Z12,36,Z33/Z30/Z31,Z44,Z62/Z63/Z64/Z65,Z72,3,Z92,Z101,2,Z124,29,Z141,Z152,1,Z171/Z172/Z174,1,Z191,Z201,0
736,Z12,24,Z32,Z41,Z61,Z73,1,Z92,Z101,4,Z123,23,Z143,Z151/Z153,2,Z171/Z172/Z174,1,Z191,Z201,1
737,Z11,18,Z32,Z40,Z62/Z63/Z64/Z65,Z73,3,Z93,Z101,4,Z123,35,Z143,Z152,1,Z171/Z172/Z174,2,Z192,Z201,0
738,Z14,6,Z34,Z40,Z61,Z74,1,Z93,Z101,3,Z124,45,Z143,Z152,2,Z171/Z172/Z174,2,Z192,Z201,0
739,Z12,30,Z33/Z30/Z31,Z49,Z62/Z63/Z64/Z65,Z73,4,Z92,Z101,4,Z123,26,Z143,Z151/Z153,2,Z171/Z172/Z174,1,Z191,Z201,1
740,Z11,24,Z33/Z30/Z31,Z40,Z62/Z63/Z64/Z65,Z74,2,Z93,Z101,3,Z123,32,Z141,Z152,1,Z173,1,Z191,Z201,0
741,Z12,10,Z33/Z30/Z31,Z43,Z61,Z73,4,Z93,Z101,4,Z121,23,Z142,Z152,1,Z171/Z172/Z174,1,Z191,Z201,0
742,Z14,21,Z32,Z43,Z62/Z63/Z64/Z65,Z75,4,Z93,Z101,3,Z122,41,Z143,Z152,1,Z173,1,Z192,Z201,0
743,Z11,24,Z33/Z30/Z31,Z42,Z62/Z63/Z64/Z65,Z73,4,Z93,Z101,4,Z121,22,Z142,Z152,1,Z173,1,Z192,Z201,0
744,Z11,39,Z34,Z42,Z62/Z63/Z64/Z65,Z74,4,Z93,Z101,4,Z122,30,Z143,Z152,2,Z171/Z172/Z174,1,Z192,Z201,0
745,Z11,13,Z34,Z49,Z61,Z72,3,Z93,Z101,1,Z122,28,Z141,Z152,2,Z171/Z172/Z174,1,Z191,Z201,0
746,Z11,15,Z32,Z40,Z61,Z71,1,Z92,Z101,4,Z123,23,Z143,Z151/Z153,1,Z173,1,Z191,Z201,0
747,Z11,12,Z32,Z40,Z61,Z72,3,Z92,Z101,1,Z121,37,Z143,Z152,1,Z171/Z172/Z174,1,Z191,Z201,1
748,Z14,21,Z32,Z41,Z62/Z63/Z64/Z65,Z73,1,Z93,Z101,3,Z123,26,Z143,Z152,1,Z173,1,Z191,Z201,0
749,Z14,15,Z32,Z41,Z61,Z74,2,Z93,Z101,2,Z123,33,Z143,Z152,1,Z173,1,Z191,Z201,0
750,Z11,6,Z32,Z42,Z61,Z75,2,Z92,Z101,1,Z122,49,Z141,Z152,1,Z173,1,Z192,Z201,0
751,Z11,18,Z32,Z40,Z61,Z72,1,Z92,Z101,2,Z123,23,Z143,Z152,1,Z171/Z172/Z174,1,Z191,Z201,1
752,Z12,12,Z32,Z49,Z62/Z63/Z64/Z65,Z74,2,Z92,Z101,4,Z121,23,Z143,Z151/Z153,1,Z171/Z172/Z174,1,Z191,Z201,0
753,Z14,30,Z34,Z43,Z61,Z74,4,Z92,Z101,2,Z123,25,Z143,Z152,2,Z173,1,Z191,Z201,0
754,Z14,12,Z33/Z30/Z31,Z45,Z62/Z63/Z64/Z65,Z75,4,Z93,Z101,4,Z124,55,Z143,Z151/Z153,2,Z173,2,Z191,Z201,1
755,Z11,24,Z32,Z40,Z62/Z63/Z64/Z65,Z74,4,Z92,Z101,4,Z124,32,Z143,Z151/Z153,1,Z173,1,Z191,Z201,1
756,Z13,6,Z34,Z40,Z61,Z73,1,Z93,Z101,1,Z121,74,Z143,Z152,3,Z171/Z172/Z174,2,Z191,Z202,0
757,Z13,15,Z34,Z43,Z62/Z63/Z64/Z65,Z73,3,Z93,Z101,4,Z124,39,Z143,Z151/Z153,2,Z173,1,Z192,Z201,1
758,Z14,24,Z32,Z40,Z61,Z73,2,Z93,Z103,2,Z121,31,Z143,Z152,1,Z173,1,Z192,Z201,0
759,Z11,12,Z34,Z40,Z61,Z75,4,Z93,Z101,3,Z122,35,Z143,Z152,2,Z173,1,Z191,Z201,1
760,Z14,15,Z34,Z40,Z62/Z63/Z64/Z65,Z75,1,Z92,Z101,4,Z123,59,Z143,Z152,1,Z173,1,Z192,Z201,0
761,Z11,18,Z34,Z42,Z61,Z73,4,Z92,Z101,4,Z121,24,Z143,Z151/Z153,2,Z173,1,Z191,Z201,1
762,Z11,12,Z32,Z43,Z61,Z73,4,Z93,Z101,3,Z122,24,Z143,Z152,1,Z171/Z172/Z174,1,Z191,Z201,0
763,Z14,21,Z34,Z40,Z62/Z63/Z64/Z65,Z75,4,Z93,Z101,4,Z124,30,Z143,Z151/Z153,1,Z171/Z172/Z174,1,Z192,Z201,1
764,Z14,24,Z34,Z40,Z62/Z63/Z64/Z65,Z74,4,Z91/Z94,Z101,3,Z122,27,Z143,Z152,2,Z173,1,Z192,Z201,0
765,Z12,12,Z32,Z43,Z61,Z75,3,Z91/Z94,Z103,3,Z121,40,Z141,Z152,2,Z171/Z172/Z174,1,Z191,Z201,0
766,Z11,30,Z32,Z42,Z61,Z72,2,Z91/Z94,Z101,4,Z122,31,Z143,Z152,1,Z171/Z172/Z174,1,Z191,Z201,1
767,Z14,10,Z32,Z41,Z62/Z63/Z64/Z65,Z72,1,Z92,Z101,4,Z121,31,Z143,Z151/Z153,1,Z173,1,Z191,Z201,0
768,Z12,12,Z34,Z42,Z61,Z75,1,Z93,Z101,4,Z123,28,Z143,Z151/Z153,3,Z173,1,Z192,Z201,0
769,Z14,12,Z34,Z43,Z61,Z75,2,Z93,Z101,4,Z121,63,Z143,Z152,2,Z171/Z172/Z174,1,Z192,Z201,0
770,Z11,24,Z32,Z41,Z62/Z63/Z64/Z65,Z75,2,Z92,Z101,4,Z121,26,Z143,Z151/Z153,1,Z173,1,Z191,Z201,0
771,Z11,36,Z34,Z46,Z61,Z73,3,Z92,Z101,2,Z124,25,Z143,Z152,2,Z171/Z172/Z174,1,Z192,Z201,1
772,Z14,21,Z34,Z41,Z61,Z75,1,Z93,Z101,4,Z123,36,Z143,Z152,1,Z171/Z172/Z174,1,Z192,Z201,0
773,Z14,24,Z34,Z43,Z62/Z63/Z64/Z65,Z75,4,Z93,Z101,4,Z122,52,Z141,Z152,2,Z173,1,Z191,Z201,0
774,Z13,12,Z34,Z40,Z62/Z63/Z64/Z65,Z71,2,Z93,Z101,4,Z124,66,Z141,Z151/Z153,3,Z171/Z172/Z174,1,Z191,Z201,0
775,Z11,24,Z32,Z40,Z62/Z63/Z64/Z65,Z73,4,Z92,Z101,4,Z121,25,Z143,Z151/Z153,1,Z173,1,Z191,Z201,1
776,Z14,36,Z34,Z40,Z61,Z74,4,Z93,Z101,4,Z123,37,Z143,Z152,2,Z173,1,Z192,Z201,0
777,Z11,18,Z32,Z43,Z61,Z74,4,Z92,Z103,1,Z121,25,Z143,Z152,1,Z173,1,Z191,Z201,0
778,Z14,36,Z34,Z41,Z62/Z63/Z64/Z65,Z75,4,Z93,Z101,2,Z123,38,Z143,Z152,2,Z171/Z172/Z174,1,Z192,Z201,0
779,Z12,18,Z32,Z45,Z61,Z71,2,Z92,Z101,4,Z123,67,Z143,Z152,1,Z173,1,Z192,Z201,0
780,Z12,39,Z34,Z43,Z61,Z74,2,Z93,Z103,2,Z121,25,Z143,Z152,2,Z173,1,Z191,Z201,1
781,Z14,24,Z34,Z40,Z62/Z63/Z64/Z65,Z75,4,Z93,Z101,4,Z121,60,Z143,Z152,1,Z173,1,Z192,Z201,0
782,Z12,12,Z33/Z30/Z31,Z48,Z61,Z73,2,Z93,Z101,2,Z121,31,Z143,Z152,1,Z171/Z172/Z174,1,Z192,Z201,0
783,Z12,12,Z32,Z40,Z62/Z63/Z64/Z65,Z72,4,Z92,Z101,2,Z122,23,Z141,Z152,1,Z171/Z172/Z174,1,Z191,Z201,1
784,Z12,20,Z32,Z41,Z62/Z63/Z64/Z65,Z71,1,Z91/Z94,Z101,4,Z121,60,Z143,Z152,1,Z171/Z172/Z174,1,Z192,Z201,0
785,Z12,18,Z32,Z49,Z62/Z63/Z64/Z65,Z73,4,Z93,Z101,2,Z122,35,Z143,Z152,1,Z171/Z172/Z174,1,Z192,Z201,0
786,Z14,22,Z32,Z43,Z62/Z63/Z64/Z65,Z75,3,Z93,Z101,4,Z123,40,Z143,Z152,1,Z173,1,Z191,Z201,0
787,Z14,48,Z34,Z41,Z62/Z63/Z64/Z65,Z75,4,Z93,Z101,3,Z123,38,Z143,Z152,2,Z173,2,Z192,Z201,0
788,Z12,48,Z33/Z30/Z31,Z46,Z61,Z75,4,Z93,Z101,4,Z124,50,Z143,Z151/Z153,1,Z173,1,Z191,Z201,1
789,Z11,40,Z34,Z46,Z61,Z73,4,Z93,Z101,3,Z124,27,Z141,Z152,1,Z173,1,Z192,Z201,1
790,Z12,21,Z32,Z49,Z61,Z75,2,Z92,Z101,4,Z122,39,Z143,Z152,1,Z173,2,Z191,Z201,1
791,Z14,24,Z32,Z41,Z62/Z63/Z64/Z65,Z75,3,Z93,Z101,4,Z123,41,Z143,Z152,1,Z171/Z172/Z174,2,Z192,Z201,0
792,Z14,6,Z34,Z42,Z62/Z63/Z64/Z65,Z73,1,Z91/Z94,Z101,2,Z122,27,Z143,Z152,2,Z173,1,Z191,Z201,0
793,Z13,24,Z32,Z42,Z61,Z75,3,Z91/Z94,Z101,4,Z124,51,Z143,Z151/Z153,1,Z173,1,Z191,Z201,0
794,Z14,24,Z32,Z42,Z62/Z63/Z64/Z65,Z75,4,Z93,Z101,3,Z124,32,Z143,Z151/Z153,1,Z173,1,Z192,Z201,0
795,Z14,9,Z32,Z42,Z62/Z63/Z64/Z65,Z72,2,Z92,Z101,4,Z122,22,Z143,Z151/Z153,1,Z173,1,Z191,Z201,0
796,Z11,18,Z32,Z41,Z62/Z63/Z64/Z65,Z75,1,Z93,Z101,4,Z122,51,Z143,Z151/Z153,1,Z173,2,Z192,Z201,1
797,Z14,12,Z34,Z42,Z61,Z72,2,Z92,Z101,4,Z122,22,Z143,Z151/Z153,2,Z171/Z172/Z174,1,Z191,Z201,0
798,Z14,24,Z33/Z30/Z31,Z40,Z62/Z63/Z64/Z65,Z75,4,Z91/Z94,Z101,4,Z123,54,Z143,Z152,2,Z173,1,Z192,Z201,0
799,Z12,9,Z32,Z40,Z62/Z63/Z64/Z65,Z72,4,Z93,Z101,2,Z121,35,Z143,Z152,1,Z171/Z172/Z174,1,Z191,Z201,0
800,Z14,24,Z34,Z46,Z61,Z75,4,Z93,Z101,4,Z124,54,Z143,Z151/Z153,2,Z173,2,Z191,Z201,0
801,Z12,18,Z34,Z43,Z61,Z75,3,Z92,Z103,4,Z121,48,Z141,Z151/Z153,2,Z171/Z172/Z174,1,Z192,Z201,0
802,Z11,20,Z34,Z42,Z61,Z75,1,Z92,Z101,4,Z122,24,Z143,Z152,2,Z173,1,Z191,Z201,0
803,Z14,12,Z34,Z43,Z62/Z63/Z64/Z65,Z75,4,Z93,Z101,4,Z123,35,Z143,Z152,2,Z173,1,Z191,Z201,0
804,Z12,12,Z32,Z40,Z62/Z63/Z64/Z65,Z71,1,Z92,Z101,2,Z121,24,Z143,Z151/Z153,1,Z171/Z172/Z174,1,Z191,Z201,0
805,Z11,36,Z32,Z40,Z61,Z74,2,Z93,Z101,1,Z123,24,Z143,Z152,1,Z173,1,Z192,Z201,1
806,Z12,6,Z32,Z43,Z61,Z72,3,Z91/Z94,Z101,3,Z121,26,Z143,Z152,1,Z171/Z172/Z174,1,Z191,Z202,0
807,Z14,12,Z34,Z43,Z62/Z63/Z64/Z65,Z75,4,Z93,Z101,4,Z121,65,Z143,Z152,4,Z173,1,Z191,Z201,0
808,Z12,42,Z33/Z30/Z31,Z41,Z61,Z71,1,Z93,Z101,2,Z124,55,Z141,Z151/Z153,1,Z171/Z172/Z174,1,Z192,Z201,0
809,Z12,15,Z33/Z30/Z31,Z40,Z61,Z72,2,Z92,Z101,1,Z121,26,Z143,Z151/Z153,2,Z171/Z172/Z174,1,Z191,Z201,1
810,Z12,8,Z32,Z49,Z61,Z72,3,Z91/Z94,Z101,2,Z121,26,Z143,Z152,1,Z173,1,Z192,Z201,0
811,Z12,6,Z32,Z43,Z61,Z74,3,Z91/Z94,Z103,3,Z121,28,Z141,Z152,1,Z171/Z172/Z174,1,Z191,Z201,0
812,Z11,36,Z34,Z41,Z61,Z74,4,Z93,Z101,4,Z123,24,Z143,Z152,2,Z173,1,Z192,Z201,1
813,Z11,48,Z32,Z44,Z61,Z73,3,Z93,Z101,4,Z123,54,Z143,Z152,1,Z173,1,Z191,Z201,1
814,Z11,48,Z32,Z40,Z61,Z74,4,Z93,Z101,4,Z124,46,Z143,Z151/Z153,1,Z173,2,Z191,Z201,1
815,Z12,36,Z33/Z30/Z31,Z40,Z61,Z73,2,Z92,Z101,2,Z122,54,Z143,Z151/Z153,1,Z173,1,Z191,Z201,0
816,Z14,6,Z32,Z44,Z62/Z63/Z64/Z65,Z73,1,Z91/Z94,Z101,4,Z121,62,Z143,Z152,1,Z173,1,Z191,Z201,0
817,Z14,6,Z34,Z43,Z61,Z74,1,Z92,Z101,2,Z123,24,Z143,Z151/Z153,2,Z173,1,Z192,Z201,0
818,Z11,36,Z32,Z410,Z61,Z71,2,Z91/Z94,Z102,3,Z123,43,Z143,Z152,1,Z171/Z172/Z174,1,Z191,Z201,0
819,Z11,18,Z32,Z43,Z61,Z73,4,Z91/Z94,Z101,3,Z121,26,Z141,Z152,1,Z173,1,Z191,Z201,1
820,Z14,12,Z32,Z40,Z61,Z73,3,Z91/Z94,Z101,2,Z121,27,Z143,Z152,2,Z173,1,Z192,Z201,0
821,Z13,12,Z32,Z43,Z61,Z73,3,Z91/Z94,Z101,1,Z123,24,Z143,Z152,1,Z173,1,Z191,Z201,0
822,Z11,36,Z32,Z42,Z61,Z75,2,Z93,Z101,2,Z122,41,Z141,Z152,1,Z173,2,Z191,Z201,1
823,Z11,8,Z34,Z40,Z61,Z75,4,Z93,Z101,4,Z121,47,Z143,Z152,2,Z171/Z172/Z174,1,Z191,Z201,0
824,Z14,18,Z34,Z42,Z61,Z72,3,Z91/Z94,Z101,2,Z123,35,Z143,Z152,2,Z171/Z172/Z174,1,Z192,Z201,0
825,Z11,21,Z34,Z40,Z61,Z75,4,Z91/Z94,Z101,3,Z123,30,Z143,Z152,2,Z173,1,Z192,Z201,0
826,Z11,18,Z34,Z40,Z61,Z75,1,Z92,Z101,4,Z121,33,Z141,Z151/Z153,3,Z173,1,Z192,Z201,1
827,Z14,18,Z33/Z30/Z31,Z49,Z61,Z73,2,Z93,Z101,2,Z123,36,Z142,Z152,2,Z173,2,Z191,Z201,1
828,Z11,36,Z32,Z41,Z62/Z63/Z64/Z65,Z75,3,Z93,Z101,4,Z124,47,Z143,Z151/Z153,1,Z173,1,Z191,Z201,1
829,Z12,48,Z33/Z30/Z31,Z49,Z62/Z63/Z64/Z65,Z73,4,Z93,Z101,4,Z124,38,Z143,Z151/Z153,1,Z173,2,Z192,Z201,0
830,Z14,24,Z33/Z30/Z31,Z49,Z62/Z63/Z64/Z65,Z73,4,Z93,Z101,2,Z123,44,Z143,Z152,2,Z173,2,Z192,Z201,0
831,Z11,18,Z32,Z40,Z61,Z72,4,Z92,Z101,3,Z123,23,Z143,Z151/Z153,1,Z173,1,Z192,Z201,1
832,Z11,45,Z33/Z30/Z31,Z49,Z61,Z75,2,Z93,Z101,4,Z123,29,Z143,Z151/Z153,2,Z173,1,Z191,Z201,1
833,Z12,24,Z32,Z43,Z62/Z63/Z64/Z65,Z75,2,Z92,Z101,4,Z123,42,Z143,Z152,1,Z173,1,Z192,Z201,0
834,Z13,15,Z32,Z43,Z61,Z72,2,Z92,Z101,3,Z121,25,Z143,Z152,1,Z171/Z172/Z174,1,Z191,Z201,1
835,Z11,12,Z33/Z30/Z31,Z40,Z61,Z73,4,Z93,Z101,4,Z123,48,Z141,Z152,2,Z173,1,Z191,Z201,1
836,Z14,12,Z32,Z43,Z62/Z63/Z64/Z65,Z73,4,Z92,Z101,2,Z123,21,Z143,Z152,1,Z173,1,Z191,Z201,0
837,Z14,4,Z32,Z42,Z61,Z72,1,Z92,Z101,3,Z121,23,Z143,Z151/Z153,1,Z171/Z172/Z174,2,Z191,Z201,0
838,Z11,24,Z34,Z41,Z61,Z75,4,Z93,Z101,4,Z122,63,Z143,Z152,2,Z173,1,Z192,Z201,0
839,Z14,24,Z34,Z43,Z61,Z75,4,Z91/Z94,Z102,3,Z121,46,Z143,Z152,2,Z173,1,Z191,Z201,0
840,Z11,36,Z32,Z42,Z61,Z74,4,Z93,Z101,2,Z122,29,Z143,Z152,1,Z173,1,Z191,Z201,1
841,Z14,21,Z33/Z30/Z31,Z41,Z61,Z73,3,Z93,Z101,2,Z121,28,Z142,Z152,2,Z171/Z172/Z174,1,Z191,Z201,0
842,Z14,18,Z32,Z45,Z61,Z72,4,Z92,Z101,4,Z121,23,Z143,Z152,1,Z173,1,Z191,Z201,1
843,Z14,24,Z33/Z30/Z31,Z49,Z61,Z74,4,Z93,Z101,4,Z123,50,Z141,Z152,1,Z173,1,Z192,Z201,0
844,Z14,18,Z32,Z42,Z61,Z75,4,Z93,Z101,4,Z122,47,Z141,Z152,3,Z173,2,Z192,Z201,0
845,Z12,21,Z32,Z42,Z62/Z63/Z64/Z65,Z74,2,Z93,Z101,3,Z123,35,Z143,Z152,1,Z173,1,Z192,Z201,0
846,Z14,18,Z32,Z40,Z62/Z63/Z64/Z65,Z73,2,Z93,Z101,4,Z123,68,Z143,Z151/Z153,2,Z173,1,Z191,Z201,1
847,Z14,24,Z32,Z40,Z61,Z72,4,Z91/Z94,Z101,2,Z121,28,Z143,Z152,1,Z173,1,Z191,Z201,0
848,Z11,9,Z32,Z43,Z61,Z74,3,Z93,Z101,4,Z121,59,Z143,Z152,1,Z173,1,Z191,Z201,0
849,Z11,12,Z32,Z43,Z61,Z75,4,Z93,Z101,4,Z121,57,Z142,Z152,1,Z171/Z172/Z174,1,Z191,Z201,1
850,Z11,20,Z34,Z40,Z61,Z73,4,Z91/Z94,Z103,2,Z122,33,Z141,Z151/Z153,2,Z173,1,Z191,Z202,1
851,Z14,24,Z34,Z41,Z62/Z63/Z64/Z65,Z74,3,Z93,Z101,4,Z122,43,Z143,Z152,2,Z173,1,Z192,Z201,0
852,Z14,15,Z34,Z43,Z61,Z73,4,Z93,Z101,4,Z124,35,Z143,Z151/Z153,2,Z173,1,Z192,Z201,0
853,Z11,18,Z33/Z30/Z31,Z40,Z61,Z74,4,Z93,Z101,4,Z124,32,Z143,Z151/Z153,2,Z171/Z172/Z174,2,Z191,Z201,1
854,Z14,36,Z33/Z30/Z31,Z40,Z61,Z75,2,Z93,Z101,2,Z123,45,Z143,Z152,2,Z173,2,Z192,Z201,0
855,Z14,24,Z32,Z40,Z62/Z63/Z64/Z65,Z72,4,Z91/Z94,Z101,3,Z121,33,Z143,Z152,1,Z173,1,Z192,Z201,0
856,Z14,10,Z32,Z48,Z62/Z63/Z64/Z65,Z74,4,Z92,Z101,3,Z122,40,Z143,Z152,1,Z173,1,Z192,Z201,0
857,Z14,15,Z34,Z42,Z61,Z73,4,Z93,Z101,2,Z124,28,Z143,Z151/Z153,1,Z173,1,Z192,Z201,0
858,Z11,15,Z32,Z40,Z61,Z73,3,Z92,Z101,2,Z122,29,Z143,Z152,1,Z173,1,Z192,Z201,1
859,Z14,9,Z32,Z40,Z62/Z63/Z64/Z65,Z73,1,Z93,Z103,2,Z121,26,Z143,Z151/Z153,1,Z173,2,Z191,Z202,0
860,Z14,24,Z34,Z41,Z62/Z63/Z64/Z65,Z73,4,Z93,Z101,2,Z121,27,Z143,Z152,2,Z173,1,Z191,Z201,0
861,Z14,18,Z33/Z30/Z31,Z49,Z61,Z73,4,Z91/Z94,Z101,2,Z123,28,Z143,Z152,1,Z173,1,Z192,Z201,1
862,Z11,24,Z32,Z43,Z61,Z72,4,Z92,Z101,4,Z121,35,Z143,Z152,1,Z173,1,Z192,Z201,1
863,Z14,27,Z34,Z42,Z62/Z63/Z64/Z65,Z72,4,Z93,Z101,2,Z121,32,Z142,Z152,2,Z171/Z172/Z174,2,Z192,Z201,0
864,Z14,10,Z32,Z42,Z61,Z73,2,Z93,Z101,2,Z121,25,Z141,Z151/Z153,1,Z171/Z172/Z174,1,Z191,Z201,1
865,Z14,15,Z32,Z42,Z62/Z63/Z64/Z65,Z73,2,Z92,Z101,4,Z123,20,Z143,Z151/Z153,1,Z173,1,Z191,Z201,0
866,Z11,18,Z32,Z43,Z61,Z72,4,Z92,Z101,1,Z123,27,Z142,Z152,1,Z173,1,Z191,Z201,0
867,Z14,12,Z34,Z42,Z61,Z75,2,Z93,Z101,4,Z122,42,Z142,Z152,1,Z173,1,Z191,Z201,0
868,Z14,36,Z32,Z49,Z62/Z63/Z64/Z65,Z75,3,Z93,Z101,2,Z122,37,Z143,Z152,2,Z173,1,Z191,Z201,0
869,Z11,12,Z32,Z42,Z61,Z75,4,Z92,Z101,4,Z122,24,Z143,Z151/Z153,1,Z173,1,Z191,Z201,0
870,Z14,36,Z33/Z30/Z31,Z42,Z62/Z63/Z64/Z65,Z74,2,Z92,Z101,4,Z123,40,Z143,Z152,2,Z173,1,Z192,Z201,0
871,Z13,6,Z34,Z40,Z61,Z75,1,Z93,Z101,4,Z121,46,Z143,Z152,2,Z173,2,Z191,Z202,0
872,Z11,24,Z34,Z49,Z62/Z63/Z64/Z65,Z74,4,Z93,Z101,1,Z121,26,Z143,Z152,2,Z173,1,Z192,Z201,0
873,Z14,15,Z32,Z44,Z62/Z63/Z64/Z65,Z72,4,Z92,Z101,1,Z121,24,Z143,Z152,1,Z173,1,Z191,Z201,0
874,Z11,12,Z32,Z42,Z61,Z73,2,Z93,Z102,2,Z122,29,Z143,Z152,1,Z171/Z172/Z174,2,Z191,Z201,0
875,Z12,11,Z34,Z40,Z62/Z63/Z64/Z65,Z73,4,Z92,Z101,4,Z123,40,Z143,Z152,2,Z173,1,Z191,Z201,0
876,Z11,18,Z33/Z30/Z31,Z43,Z61,Z72,3,Z93,Z102,4,Z124,36,Z141,Z151/Z153,1,Z171/Z172/Z174,1,Z192,Z201,0
877,Z14,36,Z32,Z43,Z61,Z75,4,Z93,Z101,2,Z123,28,Z143,Z152,1,Z173,1,Z191,Z201,0
878,Z11,9,Z32,Z40,Z61,Z72,3,Z93,Z101,2,Z124,27,Z143,Z151/Z153,1,Z171/Z172/Z174,1,Z192,Z201,1
879,Z14,30,Z34,Z43,Z62/Z63/Z64/Z65,Z74,2,Z93,Z101,3,Z122,36,Z143,Z152,2,Z173,1,Z191,Z201,0
880,Z14,24,Z32,Z41,Z61,Z74,3,Z93,Z101,3,Z123,38,Z143,Z152,1,Z171/Z172/Z174,1,Z192,Z201,0
881,Z14,24,Z32,Z41,Z62/Z63/Z64/Z65,Z73,2,Z91/Z94,Z101,4,Z124,48,Z143,Z151/Z153,1,Z173,1,Z192,Z201,0
882,Z12,30,Z34,Z40,Z62/Z63/Z64/Z65,Z75,4,Z93,Z101,4,Z121,36,Z143,Z152,2,Z173,1,Z191,Z201,0
883,Z14,18,Z34,Z43,Z61,Z71,4,Z92,Z101,4,Z123,65,Z143,Z152,2,Z171/Z172/Z174,1,Z191,Z201,0
884,Z12,24,Z32,Z42,Z61,Z74,3,Z91/Z94,Z101,3,Z123,43,Z143,Z152,1,Z173,1,Z192,Z201,1
885,Z11,12,Z32,Z46,Z61,Z72,4,Z92,Z101,4,Z122,53,Z143,Z152,1,Z173,1,Z191,Z201,1
886,Z12,24,Z34,Z49,Z62/Z63/Z64/Z65,Z74,4,Z93,Z101,3,Z124,34,Z143,Z152,2,Z173,2,Z192,Z201,0
887,Z12,48,Z32,Z49,Z61,Z73,2,Z93,Z101,2,Z123,23,Z143,Z152,1,Z173,1,Z192,Z201,1
888,Z14,36,Z34,Z40,Z61,Z75,4,Z93,Z101,4,Z123,34,Z143,Z152,2,Z171/Z172/Z174,1,Z192,Z201,0
889,Z14,28,Z33/Z30/Z31,Z41,Z62/Z63/Z64/Z65,Z72,3,Z93,Z103,4,Z121,40,Z141,Z151/Z153,2,Z173,2,Z192,Z201,0
890,Z11,27,Z34,Z49,Z61,Z75,4,Z93,Z101,4,Z123,43,Z142,Z152,4,Z171/Z172/Z174,2,Z192,Z201,0
891,Z14,15,Z34,Z43,Z61,Z75,4,Z93,Z101,4,Z123,46,Z143,Z152,2,Z173,1,Z192,Z201,0
892,Z11,12,Z34,Z40,Z61,Z73,4,Z93,Z101,4,Z122,38,Z141,Z152,2,Z171/Z172/Z174,1,Z191,Z202,0
893,Z12,36,Z34,Z41,Z61,Z73,3,Z93,Z101,4,Z123,34,Z143,Z152,2,Z173,1,Z192,Z201,0
894,Z14,18,Z34,Z43,Z62/Z63/Z64/Z65,Z73,4,Z93,Z101,3,Z122,29,Z143,Z152,2,Z173,1,Z192,Z201,0
895,Z14,36,Z33/Z30/Z31,Z41,Z62/Z63/Z64/Z65,Z74,3,Z93,Z101,2,Z123,31,Z142,Z152,1,Z171/Z172/Z174,2,Z192,Z201,0
896,Z11,21,Z32,Z43,Z61,Z72,4,Z92,Z101,4,Z122,28,Z143,Z151/Z153,1,Z171/Z172/Z174,1,Z192,Z201,0
897,Z14,12,Z34,Z42,Z62/Z63/Z64/Z65,Z74,3,Z92,Z101,2,Z122,35,Z143,Z152,1,Z173,1,Z191,Z202,0
898,Z14,15,Z32,Z42,Z62/Z63/Z64/Z65,Z74,1,Z92,Z101,4,Z121,33,Z141,Z151/Z153,1,Z171/Z172/Z174,1,Z191,Z201,0
899,Z11,18,Z32,Z42,Z61,Z73,2,Z93,Z102,3,Z123,42,Z143,Z152,1,Z173,1,Z191,Z201,1
900,Z11,16,Z34,Z40,Z61,Z75,2,Z93,Z103,4,Z122,43,Z141,Z151/Z153,1,Z173,1,Z192,Z201,1
901,Z14,20,Z34,Z40,Z62/Z63/Z64/Z65,Z72,2,Z91/Z94,Z101,4,Z121,44,Z143,Z152,2,Z173,1,Z192,Z201,0
902,Z14,36,Z34,Z41,Z62/Z63/Z64/Z65,Z75,2,Z93,Z101,4,Z124,42,Z143,Z151/Z153,2,Z173,1,Z191,Z201,0
903,Z14,15,Z32,Z43,Z62/Z63/Z64/Z65,Z73,4,Z91/Z94,Z101,2,Z121,40,Z143,Z151/Z153,1,Z173,1,Z192,Z201,0
904,Z14,24,Z32,Z43,Z61,Z75,4,Z93,Z101,1,Z121,36,Z143,Z152,1,Z171/Z172/Z174,1,Z192,Z201,0
905,Z11,12,Z32,Z43,Z61,Z73,2,Z93,Z101,2,Z121,20,Z143,Z151/Z153,1,Z171/Z172/Z174,2,Z192,Z201,0
906,Z11,21,Z32,Z40,Z62/Z63/Z64/Z65,Z74,2,Z93,Z102,2,Z121,24,Z143,Z152,1,Z171/Z172/Z174,1,Z191,Z202,0
907,Z12,36,Z32,Z46,Z62/Z63/Z64/Z65,Z73,2,Z91/Z94,Z101,2,Z123,27,Z143,Z152,1,Z173,1,Z191,Z201,0
908,Z14,15,Z33/Z30/Z31,Z41,Z61,Z72,1,Z92,Z101,2,Z122,46,Z143,Z152,2,Z171/Z172/Z174,1,Z191,Z201,0
909,Z12,9,Z32,Z40,Z62/Z63/Z64/Z65,Z73,1,Z92,Z101,2,Z121,33,Z143,Z152,1,Z171/Z172/Z174,1,Z191,Z201,0
910,Z14,36,Z33/Z30/Z31,Z43,Z61,Z73,4,Z92,Z101,4,Z121,34,Z143,Z152,2,Z173,1,Z191,Z201,0
911,Z12,24,Z34,Z42,Z61,Z72,2,Z92,Z101,4,Z123,25,Z141,Z152,1,Z171/Z172/Z174,1,Z191,Z201,1
912,Z12,30,Z32,Z43,Z62/Z63/Z64/Z65,Z75,2,Z92,Z101,4,Z123,25,Z143,Z152,1,Z173,1,Z191,Z201,0
913,Z14,11,Z32,Z49,Z62/Z63/Z64/Z65,Z75,1,Z91/Z94,Z101,2,Z121,28,Z143,Z152,1,Z173,1,Z192,Z201,0
914,Z11,24,Z33/Z30/Z31,Z49,Z61,Z73,4,Z93,Z101,2,Z122,31,Z143,Z151/Z153,1,Z173,1,Z192,Z201,1
915,Z12,48,Z33/Z30/Z31,Z410,Z61,Z73,1,Z92,Z101,2,Z122,32,Z141,Z152,1,Z171/Z172/Z174,1,Z192,Z202,1
916,Z14,10,Z32,Z41,Z62/Z63/Z64/Z65,Z73,1,Z93,Z102,2,Z121,32,Z143,Z152,1,Z173,2,Z191,Z201,0
917,Z11,6,Z32,Z40,Z61,Z75,1,Z93,Z101,4,Z124,68,Z141,Z152,1,Z171/Z172/Z174,1,Z192,Z201,1
918,Z11,24,Z32,Z42,Z62/Z63/Z64/Z65,Z71,1,Z91/Z94,Z101,1,Z122,33,Z143,Z152,1,Z173,1,Z191,Z201,1
919,Z11,24,Z32,Z42,Z61,Z75,4,Z93,Z101,2,Z122,39,Z143,Z151/Z153,1,Z171/Z172/Z174,1,Z192,Z201,1
920,Z14,18,Z34,Z42,Z61,Z73,4,Z92,Z101,2,Z124,28,Z143,Z152,2,Z173,1,Z191,Z201,0
921,Z14,48,Z33/Z30/Z31,Z43,Z62/Z63/Z64/Z65,Z74,4,Z93,Z101,1,Z123,37,Z143,Z152,1,Z171/Z172/Z174,1,Z192,Z201,0
922,Z11,9,Z32,Z43,Z61,Z72,3,Z92,Z101,4,Z122,22,Z143,Z151/Z153,1,Z173,1,Z191,Z201,1
923,Z12,12,Z32,Z40,Z61,Z74,3,Z93,Z101,4,Z122,30,Z143,Z151/Z153,1,Z173,2,Z192,Z201,0
924,Z11,24,Z33/Z30/Z31,Z42,Z61,Z72,2,Z91/Z94,Z101,1,Z122,55,Z141,Z152,1,Z173,1,Z192,Z201,1
925,Z11,12,Z33/Z30/Z31,Z40,Z61,Z72,4,Z93,Z101,2,Z123,46,Z141,Z152,2,Z173,1,Z192,Z201,1
926,Z11,18,Z34,Z42,Z61,Z72,4,Z92,Z101,4,Z122,21,Z143,Z151/Z153,1,Z173,1,Z191,Z201,0
927,Z11,48,Z32,Z41,Z61,Z74,4,Z93,Z101,4,Z124,39,Z142,Z151/Z153,3,Z173,2,Z192,Z201,1
928,Z14,30,Z32,Z43,Z62/Z63/Z64/Z65,Z75,4,Z93,Z101,4,Z123,58,Z143,Z152,1,Z173,1,Z192,Z201,0
929,Z11,12,Z33/Z30/Z31,Z40,Z61,Z73,4,Z93,Z101,2,Z121,43,Z143,Z152,2,Z171/Z172/Z174,2,Z191,Z201,0
930,Z11,24,Z32,Z42,Z61,Z72,4,Z93,Z102,1,Z122,24,Z143,Z152,1,Z171/Z172/Z174,1,Z191,Z202,0
931,Z12,9,Z32,Z43,Z61,Z72,4,Z92,Z101,2,Z123,22,Z143,Z152,1,Z173,1,Z192,Z201,1
932,Z14,9,Z34,Z40,Z61,Z73,3,Z93,Z101,1,Z121,30,Z143,Z152,2,Z173,1,Z191,Z201,0
933,Z14,12,Z34,Z43,Z62/Z63/Z64/Z65,Z75,4,Z93,Z101,4,Z122,42,Z143,Z152,2,Z173,2,Z192,Z201,0
934,Z11,12,Z32,Z43,Z61,Z73,4,Z92,Z101,1,Z123,23,Z141,Z152,1,Z173,1,Z191,Z201,0
935,Z12,30,Z33/Z30/Z31,Z43,Z62/Z63/Z64/Z65,Z72,4,Z93,Z101,3,Z124,30,Z142,Z152,2,Z171/Z172/Z174,1,Z191,Z201,1
936,Z13,9,Z32,Z43,Z61,Z73,3,Z92,Z101,2,Z121,28,Z143,Z152,1,Z171/Z172/Z174,1,Z191,Z201,1
937,Z12,6,Z32,Z43,Z61,Z72,4,Z91/Z94,Z101,3,Z123,30,Z143,Z151/Z153,1,Z171/Z172/Z174,1,Z192,Z201,0
938,Z12,60,Z32,Z46,Z61,Z73,4,Z93,Z101,4,Z124,42,Z143,Z151/Z153,1,Z173,1,Z191,Z201,1
939,Z14,24,Z34,Z41,Z62/Z63/Z64/Z65,Z73,2,Z93,Z101,4,Z122,46,Z143,Z152,2,Z171/Z172/Z174,2,Z192,Z201,0
940,Z14,12,Z32,Z40,Z62/Z63/Z64/Z65,Z72,2,Z93,Z101,3,Z122,45,Z143,Z152,1,Z171/Z172/Z174,2,Z192,Z201,0
941,Z14,10,Z32,Z40,Z61,Z73,3,Z93,Z101,2,Z121,31,Z143,Z152,1,Z171/Z172/Z174,2,Z191,Z202,0
942,Z14,24,Z32,Z42,Z62/Z63/Z64/Z65,Z74,4,Z93,Z101,2,Z123,31,Z142,Z152,1,Z173,1,Z192,Z201,0
943,Z14,4,Z34,Z40,Z61,Z74,2,Z93,Z101,1,Z121,42,Z143,Z152,3,Z171/Z172/Z174,2,Z191,Z201,0
944,Z11,15,Z32,Z42,Z61,Z72,4,Z92,Z103,1,Z122,46,Z143,Z151/Z153,1,Z173,1,Z191,Z201,0
945,Z12,48,Z33/Z30/Z31,Z40,Z62/Z63/Z64/Z65,Z72,1,Z92,Z101,1,Z123,30,Z143,Z152,2,Z173,1,Z191,Z201,0
946,Z11,24,Z33/Z30/Z31,Z42,Z62/Z63/Z64/Z65,Z72,4,Z93,Z101,4,Z124,30,Z143,Z151/Z153,1,Z173,2,Z192,Z201,1
947,Z14,12,Z32,Z40,Z62/Z63/Z64/Z65,Z71,4,Z93,Z101,4,Z124,38,Z143,Z152,1,Z171/Z172/Z174,1,Z192,Z201,0
948,Z14,18,Z32,Z42,Z61,Z72,4,Z91/Z94,Z102,1,Z122,43,Z143,Z152,1,Z171/Z172/Z174,2,Z191,Z201,1
949,Z14,24,Z32,Z43,Z62/Z63/Z64/Z65,Z75,2,Z93,Z101,4,Z123,31,Z143,Z152,2,Z173,1,Z191,Z201,1
950,Z12,18,Z34,Z49,Z61,Z71,3,Z91/Z94,Z101,3,Z123,40,Z143,Z152,3,Z171/Z172/Z174,2,Z192,Z201,0
951,Z11,36,Z33/Z30/Z31,Z49,Z61,Z74,2,Z93,Z101,1,Z123,24,Z143,Z152,2,Z173,1,Z192,Z201,1
952,Z12,24,Z32,Z41,Z62/Z63/Z64/Z65,Z72,3,Z92,Z101,4,Z123,28,Z143,Z151/Z153,1,Z173,1,Z191,Z201,1
953,Z14,36,Z32,Z42,Z61,Z71,4,Z92,Z101,2,Z123,26,Z143,Z152,2,Z171/Z172/Z174,1,Z192,Z201,1
954,Z11,12,Z32,Z40,Z61,Z73,4,Z92,Z103,4,Z122,29,Z143,Z152,1,Z173,1,Z192,Z201,0
955,Z11,24,Z34,Z43,Z62/Z63/Z64/Z65,Z75,4,Z92,Z101,4,Z122,57,Z143,Z151/Z153,2,Z171/Z172/Z174,1,Z192,Z201,0
956,Z13,30,Z34,Z43,Z62/Z63/Z64/Z65,Z75,4,Z93,Z101,4,Z122,49,Z142,Z152,2,Z171/Z172/Z174,1,Z191,Z201,0
957,Z12,9,Z34,Z43,Z61,Z75,2,Z93,Z101,4,Z121,37,Z143,Z152,3,Z171/Z172/Z174,1,Z191,Z201,0
958,Z11,28,Z32,Z40,Z61,Z73,3,Z93,Z101,2,Z123,45,Z143,Z152,1,Z171/Z172/Z174,1,Z191,Z201,1
959,Z12,24,Z32,Z42,Z62/Z63/Z64/Z65,Z75,4,Z93,Z101,4,Z124,30,Z143,Z151/Z153,1,Z173,1,Z191,Z201,0
960,Z14,6,Z34,Z43,Z61,Z75,2,Z91/Z94,Z101,2,Z121,30,Z143,Z151/Z153,2,Z173,1,Z191,Z201,0
961,Z12,21,Z33/Z30/Z31,Z40,Z61,Z73,1,Z91/Z94,Z101,4,Z122,47,Z143,Z152,2,Z173,1,Z191,Z201,0
962,Z14,15,Z32,Z40,Z62/Z63/Z64/Z65,Z73,3,Z93,Z101,2,Z124,29,Z143,Z152,1,Z173,1,Z191,Z201,0
963,Z14,24,Z32,Z43,Z62/Z63/Z64/Z65,Z75,3,Z93,Z101,2,Z123,35,Z141,Z152,2,Z173,1,Z192,Z201,1
964,Z12,6,Z32,Z45,Z61,Z72,3,Z91/Z94,Z101,1,Z122,22,Z143,Z152,1,Z171/Z172/Z174,1,Z191,Z201,0
965,Z12,30,Z32,Z43,Z62/Z63/Z64/Z65,Z73,4,Z92,Z101,1,Z123,26,Z143,Z152,1,Z173,1,Z191,Z201,0
966,Z12,27,Z34,Z43,Z62/Z63/Z64/Z65,Z73,4,Z93,Z101,2,Z122,23,Z143,Z152,2,Z171/Z172/Z174,1,Z191,Z201,1
967,Z14,15,Z32,Z43,Z61,Z75,4,Z92,Z101,2,Z123,54,Z141,Z151/Z153,1,Z171/Z172/Z174,1,Z192,Z201,0
968,Z14,42,Z32,Z43,Z62/Z63/Z64/Z65,Z74,2,Z91/Z94,Z101,4,Z122,29,Z143,Z151/Z153,1,Z173,1,Z192,Z201,0
969,Z11,11,Z34,Z40,Z61,Z73,1,Z93,Z101,2,Z121,40,Z143,Z152,2,Z171/Z172/Z174,2,Z191,Z201,0
970,Z12,15,Z32,Z45,Z62/Z63/Z64/Z65,Z73,4,Z93,Z103,2,Z121,22,Z143,Z152,1,Z173,1,Z191,Z201,0
971,Z14,24,Z32,Z40,Z61,Z73,1,Z93,Z101,4,Z122,43,Z143,Z152,1,Z171/Z172/Z174,2,Z191,Z201,0
972,Z11,24,Z33/Z30/Z31,Z40,Z61,Z71,1,Z92,Z102,4,Z124,29,Z143,Z151/Z153,2,Z171/Z172/Z174,1,Z191,Z201,1
973,Z11,60,Z32,Z49,Z61,Z75,4,Z93,Z102,4,Z124,36,Z143,Z151/Z153,1,Z173,1,Z191,Z201,1
974,Z14,30,Z34,Z43,Z61,Z73,4,Z92,Z101,2,Z123,33,Z143,Z152,1,Z173,1,Z192,Z201,0
975,Z13,24,Z32,Z43,Z62/Z63/Z64/Z65,Z73,3,Z92,Z101,3,Z123,57,Z143,Z152,1,Z171/Z172/Z174,1,Z191,Z201,0
976,Z12,6,Z32,Z43,Z61,Z73,2,Z92,Z103,3,Z121,64,Z143,Z152,1,Z173,1,Z191,Z201,0
977,Z12,18,Z33/Z30/Z31,Z49,Z62/Z63/Z64/Z65,Z75,4,Z93,Z101,2,Z122,42,Z143,Z152,2,Z173,1,Z191,Z201,0
978,Z14,24,Z33/Z30/Z31,Z40,Z61,Z75,4,Z93,Z101,4,Z123,47,Z143,Z152,2,Z171/Z172/Z174,2,Z191,Z201,1
979,Z12,15,Z33/Z30/Z31,Z40,Z62/Z63/Z64/Z65,Z73,2,Z91/Z94,Z101,2,Z122,25,Z143,Z151/Z153,1,Z173,1,Z191,Z201,1
980,Z12,30,Z34,Z42,Z61,Z74,2,Z93,Z101,2,Z122,49,Z143,Z152,1,Z173,1,Z191,Z201,1
981,Z14,48,Z32,Z49,Z61,Z71,3,Z93,Z101,2,Z123,33,Z141,Z151/Z153,1,Z171/Z172/Z174,1,Z192,Z201,1
982,Z13,21,Z32,Z40,Z62/Z63/Z64/Z65,Z73,1,Z92,Z101,1,Z123,28,Z141,Z152,1,Z171/Z172/Z174,1,Z192,Z201,0
983,Z11,36,Z32,Z41,Z61,Z73,2,Z93,Z101,2,Z122,26,Z143,Z152,1,Z173,2,Z191,Z201,1
984,Z14,24,Z34,Z42,Z61,Z74,2,Z93,Z101,2,Z122,30,Z143,Z152,2,Z171/Z172/Z174,1,Z191,Z201,0
985,Z11,15,Z34,Z42,Z61,Z73,4,Z92,Z101,3,Z122,25,Z143,Z151/Z153,2,Z173,1,Z191,Z201,0
986,Z13,42,Z33/Z30/Z31,Z49,Z61,Z72,2,Z91/Z94,Z101,1,Z122,33,Z143,Z152,2,Z173,1,Z191,Z201,0
987,Z14,13,Z32,Z43,Z62/Z63/Z64/Z65,Z71,2,Z92,Z101,4,Z121,64,Z143,Z152,1,Z173,1,Z191,Z201,0
988,Z11,24,Z32,Z41,Z61,Z71,4,Z93,Z101,2,Z124,29,Z143,Z151/Z153,1,Z171/Z172/Z174,1,Z192,Z201,0
989,Z12,24,Z34,Z43,Z61,Z75,4,Z93,Z101,2,Z122,48,Z143,Z152,2,Z171/Z172/Z174,1,Z191,Z201,0
990,Z14,12,Z34,Z46,Z62/Z63/Z64/Z65,Z72,2,Z93,Z101,1,Z122,37,Z143,Z152,2,Z171/Z172/Z174,2,Z191,Z201,0
991,Z14,15,Z33/Z30/Z31,Z43,Z62/Z63/Z64/Z65,Z75,4,Z93,Z101,4,Z123,34,Z141,Z152,1,Z171/Z172/Z174,2,Z191,Z201,0
992,Z11,18,Z32,Z43,Z62/Z63/Z64/Z65,Z74,2,Z91/Z94,Z101,4,Z123,23,Z143,Z151/Z153,2,Z171/Z172/Z174,1,Z191,Z201,0
993,Z11,36,Z32,Z42,Z61,Z71,4,Z93,Z101,3,Z122,30,Z143,Z152,1,Z171/Z172/Z174,1,Z192,Z201,0
994,Z14,12,Z32,Z40,Z62/Z63/Z64/Z65,Z75,4,Z93,Z101,3,Z123,50,Z143,Z152,1,Z173,1,Z192,Z201,0
995,Z14,12,Z32,Z42,Z61,Z74,3,Z92,Z101,4,Z121,31,Z143,Z152,1,Z171/Z172/Z174,1,Z191,Z201,0
996,Z11,30,Z32,Z41,Z61,Z73,4,Z91/Z94,Z101,4,Z122,40,Z143,Z152,1,Z171/Z172/Z174,1,Z192,Z201,0
997,Z14,12,Z32,Z43,Z61,Z75,4,Z93,Z101,4,Z123,38,Z143,Z152,1,Z173,1,Z191,Z201,0
998,Z11,45,Z32,Z43,Z61,Z73,4,Z93,Z101,4,Z124,23,Z143,Z151/Z153,1,Z173,1,Z192,Z201,1
999,Z12,45,Z34,Z41,Z62/Z63/Z64/Z65,Z71,3,Z93,Z101,4,Z123,27,Z143,Z152,1,Z173,1,Z191,Z201,0
